"","Q1","Q2","Q3","Q4"
"1",1,0,0,0
"2",0,0,0,0
"3",0,0,0,0
"4",2,0,0,0
"5",0,0,0,0
"6",0,0,0,0
"7",0,0,0,0
"8",0,0,0,0
"9",0,0,0,1
"10",0,0,0,0
"11",1,0,0,0
"12",1,0,0,0
"13",1,0,0,0
"14",0,0,1,0
"15",0,0,0,1
"16",0,0,0,0
"17",0,0,0,0
"18",0,0,0,0
"19",0,0,1,4
"20",0,0,0,0
"21",0,0,0,0
"22",0,0,0,0
"23",0,0,0,0
"24",0,1,1,0
"25",0,0,0,0
"26",0,0,1,0
"27",0,0,1,3
"28",1,0,0,0
"29",0,1,0,0
"30",1,0,0,0
"31",0,2,0,0
"32",3,0,0,0
"33",2,0,0,0
"34",0,0,0,2
"35",0,0,0,0
"36",0,0,0,1
"37",0,0,0,0
"38",0,1,0,1
"39",0,3,1,0
"40",0,0,0,0
"41",0,1,0,0
"42",0,1,0,0
"43",2,0,0,0
"44",2,0,0,0
"45",0,0,0,0
"46",0,0,0,0
"47",3,1,0,0
"48",0,1,0,0
"49",0,0,0,0
"50",1,0,0,0
"51",1,0,0,0
"52",0,0,0,0
"53",0,0,0,0
"54",0,0,0,0
"55",1,2,0,0
"56",0,0,1,0
"57",1,0,0,0
"58",0,0,0,0
"59",3,0,0,1
"60",0,0,0,0
"61",0,0,0,1
"62",0,0,0,0
"63",0,1,0,0
"64",0,0,0,0
"65",0,0,0,0
"66",0,0,0,0
"67",0,0,0,0
"68",0,0,0,0
"69",0,0,0,0
"70",0,1,0,0
"71",0,0,0,0
"72",0,0,1,2
"73",0,0,0,0
"74",0,1,0,0
"75",0,0,1,1
"76",0,0,0,0
"77",0,2,0,0
"78",0,0,1,0
"79",0,0,0,0
"80",1,0,0,0
"81",1,3,0,0
"82",3,0,0,0
"83",0,0,0,0
"84",1,0,0,0
"85",0,0,0,0
"86",0,0,0,0
"87",2,4,0,0
"88",0,0,0,0
"89",0,0,1,0
"90",0,0,2,0
"91",0,0,0,0
"92",0,1,0,0
"93",0,2,0,1
"94",0,0,0,0
"95",0,0,0,0
"96",0,0,0,1
"97",1,0,0,0
"98",1,0,0,0
"99",1,0,0,0
"100",1,0,0,0
"101",1,0,0,0
"102",1,0,0,0
"103",1,0,0,0
"104",0,0,0,0
"105",0,0,0,0
"106",0,0,0,0
"107",1,0,0,0
"108",0,0,0,0
"109",0,0,0,0
"110",1,0,0,0
"111",0,0,0,0
"112",0,0,0,0
"113",1,0,0,0
"114",0,0,0,0
"115",2,0,0,0
"116",1,0,0,0
"117",3,0,0,0
"118",1,0,0,0
"119",1,0,0,0
"120",1,0,0,0
"121",0,0,1,0
"122",1,2,0,0
"123",0,0,0,0
"124",0,0,0,0
"125",0,0,0,0
"126",0,0,1,0
"127",0,0,0,1
"128",0,0,0,0
"129",0,0,0,0
"130",2,0,0,0
"131",0,0,0,0
"132",0,0,0,0
"133",0,2,1,0
"134",0,0,0,0
"135",1,0,0,0
"136",1,0,0,0
"137",1,0,0,0
"138",2,0,0,0
"139",1,1,2,0
"140",1,0,0,0
"141",0,0,0,0
"142",1,0,0,0
"143",1,0,0,0
"144",2,0,0,0
"145",0,0,0,0
"146",5,0,0,0
"147",1,0,0,0
"148",0,0,0,0
"149",1,0,0,0
"150",6,0,0,0
"151",1,0,0,0
"152",1,0,0,0
"153",1,0,0,0
"154",0,0,0,0
"155",0,1,0,0
"156",3,0,0,0
"157",1,0,0,0
"158",1,0,0,0
"159",0,0,0,1
"160",5,0,0,0
"161",7,0,0,0
"162",1,0,0,0
"163",0,0,0,0
"164",0,0,0,0
"165",1,0,0,0
"166",0,0,0,0
"167",1,0,0,1
"168",0,0,0,0
"169",0,0,0,0
"170",0,0,0,0
"171",0,0,0,0
"172",4,1,0,0
"173",0,1,0,0
"174",1,1,2,1
"175",1,1,2,0
"176",2,1,2,1
"177",6,1,0,0
"178",5,0,0,0
"179",2,0,0,0
"180",6,0,0,0
"181",7,0,0,0
"182",9,0,0,0
"183",10,1,0,0
"184",3,0,0,0
"185",5,0,0,0
"186",0,0,0,0
"187",5,0,0,0
"188",4,0,0,0
"189",0,0,0,0
"190",0,0,0,0
"191",2,0,0,0
"192",4,0,0,0
"193",8,0,0,0
"194",6,1,0,0
"195",0,0,0,0
"196",5,0,0,0
"197",1,0,0,0
"198",0,1,0,0
"199",1,0,0,1
"200",1,0,0,1
"201",3,0,0,1
"202",2,0,0,0
"203",0,0,0,0
"204",0,0,0,0
"205",3,0,0,0
"206",3,1,0,0
"207",2,0,2,0
"208",1,0,0,0
"209",3,0,0,0
"210",2,0,0,0
"211",0,0,0,0
"212",0,0,0,0
"213",3,0,0,0
"214",1,0,0,0
"215",2,0,0,0
"216",1,0,0,0
"217",4,0,0,0
"218",2,0,0,0
"219",7,0,0,2
"220",1,0,0,0
"221",3,0,0,0
"222",8,3,0,0
"223",2,0,0,0
"224",6,0,0,0
"225",2,0,0,0
"226",2,1,0,0
"227",11,0,0,0
"228",2,0,0,0
"229",4,0,0,0
"230",3,0,0,0
"231",5,0,0,0
"232",3,0,0,0
"233",6,0,0,0
"234",4,0,0,0
"235",2,0,0,0
"236",3,1,0,0
"237",1,0,0,0
"238",0,0,0,0
"239",2,0,0,0
"240",1,0,0,0
"241",1,0,0,0
"242",1,1,0,1
"243",0,0,0,0
"244",1,0,0,1
"245",0,0,0,1
"246",1,1,0,0
"247",1,0,0,0
"248",9,0,1,1
"249",2,0,0,0
"250",5,0,0,0
"251",0,0,0,0
"252",3,1,0,0
"253",2,0,0,2
"254",1,0,0,0
"255",1,0,0,1
"256",2,0,0,0
"257",6,0,0,0
"258",4,1,0,0
"259",4,0,0,0
"260",4,1,0,0
"261",0,1,0,0
"262",3,1,0,0
"263",1,0,0,0
"264",0,0,0,0
"265",2,0,0,0
"266",5,0,0,0
"267",2,3,0,0
"268",5,0,0,0
"269",7,1,0,0
"270",4,1,0,0
"271",5,0,0,0
"272",1,0,0,0
"273",1,0,0,0
"274",1,0,0,0
"275",4,2,0,0
"276",1,0,0,0
"277",6,2,1,0
"278",5,0,0,0
"279",5,0,0,0
"280",2,0,0,0
"281",2,2,2,1
"282",0,0,0,3
"283",0,5,0,0
"284",0,0,0,0
"285",3,1,2,0
"286",1,4,7,0
"287",5,0,0,0
"288",1,2,0,0
"289",2,0,1,2
"290",3,10,0,0
"291",9,11,0,1
"292",5,5,0,0
"293",0,7,3,0
"294",0,2,0,0
"295",7,3,1,0
"296",2,10,5,0
"297",0,8,0,0
"298",3,2,0,0
"299",3,1,0,0
"300",1,0,4,0
"301",2,0,0,14
"302",8,1,0,0
"303",0,0,0,0
"304",1,1,0,0
"305",1,0,1,0
"306",0,0,0,0
"307",0,3,0,0
"308",0,0,0,0
"309",4,1,0,0
"310",2,2,0,0
"311",4,1,0,0
"312",2,1,0,0
"313",3,1,0,0
"314",8,0,0,0
"315",0,0,0,0
"316",3,0,0,0
"317",4,0,0,0
"318",2,0,0,0
"319",1,0,0,0
"320",1,1,0,0
"321",0,0,0,0
"322",1,0,0,0
"323",1,9,7,0
"324",2,9,7,0
"325",8,0,0,0
"326",3,0,0,0
"327",5,0,0,0
"328",7,0,0,0
"329",2,0,0,2
"330",1,0,0,0
"331",4,0,0,0
"332",2,0,0,0
"333",0,0,0,0
"334",13,1,0,0
"335",1,6,2,0
"336",4,3,10,2
"337",4,0,0,0
"338",5,0,0,0
"339",3,0,0,0
"340",1,0,0,0
"341",10,0,0,0
"342",1,0,0,0
"343",9,1,0,0
"344",0,0,0,0
"345",0,0,0,0
"346",6,0,0,0
"347",5,0,0,0
"348",1,0,0,0
"349",1,0,0,0
"350",2,0,0,0
"351",5,0,0,0
"352",5,2,0,0
"353",11,0,0,0
"354",6,2,0,0
"355",5,0,0,0
"356",5,0,0,0
"357",4,2,0,0
"358",2,1,0,0
"359",4,0,0,0
"360",2,0,0,0
"361",3,0,0,0
"362",4,0,0,0
"363",3,0,0,1
"364",3,8,0,0
"365",1,0,0,0
"366",0,0,0,0
"367",9,0,0,0
"368",1,1,0,0
"369",8,0,1,0
"370",0,1,0,0
"371",1,0,0,0
"372",0,0,0,0
"373",1,0,0,0
"374",0,0,0,0
"375",0,0,0,0
"376",1,3,0,0
"377",2,0,0,0
"378",0,0,0,0
"379",0,1,0,0
"380",0,0,0,0
"381",0,1,2,0
"382",0,0,0,0
"383",0,0,0,0
"384",2,2,0,0
"385",1,0,0,1
"386",1,0,0,0
"387",0,0,0,0
"388",0,0,0,0
"389",0,0,0,0
"390",2,0,0,0
"391",0,0,0,0
"392",0,0,0,0
"393",0,0,0,0
"394",0,0,0,0
"395",0,0,0,0
"396",2,0,0,0
"397",0,0,0,0
"398",0,0,0,0
"399",1,0,0,2
"400",2,0,0,2
"401",0,2,0,0
"402",0,2,1,0
"403",0,0,0,1
"404",0,1,2,1
"405",0,0,0,0
"406",0,1,0,0
"407",0,0,0,0
"408",0,0,0,0
"409",1,0,0,0
"410",0,0,0,0
"411",0,4,0,0
"412",1,1,0,0
"413",0,0,0,0
"414",0,0,0,0
"415",0,0,0,0
"416",0,0,0,0
"417",0,0,2,0
"418",0,0,0,0
"419",0,0,1,0
"420",0,0,0,0
"421",3,0,0,2
"422",0,3,1,0
"423",3,4,0,0
"424",3,1,1,0
"425",1,3,2,1
"426",0,0,0,0
"427",0,0,1,0
"428",1,0,0,0
"429",0,0,0,0
"430",2,1,0,0
"431",0,0,2,1
"432",0,0,5,0
"433",1,1,0,0
"434",3,0,0,0
"435",0,0,0,0
"436",0,1,0,2
"437",0,1,0,0
"438",0,0,1,0
"439",0,1,1,2
"440",0,0,1,0
"441",0,0,0,0
"442",0,0,0,0
"443",0,0,0,0
"444",0,0,1,0
"445",0,0,0,0
"446",0,0,0,3
"447",0,0,0,0
"448",0,0,0,0
"449",0,0,0,0
"450",0,0,0,0
"451",4,0,0,0
"452",6,0,0,0
"453",2,0,0,0
"454",0,2,0,0
"455",2,1,1,0
"456",0,0,0,0
"457",0,0,0,0
"458",0,0,0,0
"459",0,0,0,0
"460",0,0,0,0
"461",0,0,0,0
"462",0,0,0,0
"463",1,0,0,0
"464",0,0,0,0
"465",0,0,0,0
"466",0,0,0,0
"467",0,0,0,0
"468",0,0,0,0
"469",0,0,0,0
"470",2,0,0,0
"471",0,0,0,0
"472",0,0,0,4
"473",1,0,0,0
"474",0,0,0,1
"475",0,1,0,0
"476",0,0,1,0
"477",0,0,2,1
"478",0,0,0,0
"479",1,0,0,0
"480",3,1,0,0
"481",0,0,0,0
"482",0,1,0,0
"483",0,0,0,0
"484",1,0,0,2
"485",0,0,0,0
"486",1,0,0,2
"487",0,1,0,2
"488",0,0,0,0
"489",0,0,0,2
"490",1,1,1,2
"491",0,0,0,0
"492",0,0,0,0
"493",0,0,0,0
"494",0,0,0,2
"495",0,0,0,1
"496",0,0,0,0
"497",0,2,0,0
"498",0,0,0,0
"499",0,0,1,0
"500",1,0,0,0
"501",1,5,0,0
"502",2,0,0,0
"503",0,0,0,0
"504",0,0,0,0
"505",2,0,0,0
"506",0,0,0,1
"507",0,0,0,1
"508",0,0,1,0
"509",0,0,1,0
"510",1,0,0,0
"511",0,0,0,0
"512",2,1,1,0
"513",0,0,0,0
"514",0,0,2,2
"515",0,0,0,0
"516",1,0,0,0
"517",0,0,0,0
"518",0,0,0,0
"519",0,0,0,0
"520",0,0,0,0
"521",0,0,0,0
"522",0,1,1,0
"523",0,0,0,2
"524",0,0,0,0
"525",0,0,0,0
"526",0,0,0,0
"527",0,0,0,0
"528",0,0,1,0
"529",1,0,0,0
"530",0,1,0,0
"531",0,0,0,0
"532",0,0,0,0
"533",0,0,0,0
"534",0,0,0,0
"535",0,2,0,1
"536",3,0,0,0
"537",1,0,0,0
"538",2,0,0,0
"539",2,0,0,0
"540",3,0,0,0
"541",0,1,0,0
"542",1,0,0,0
"543",0,0,0,0
"544",1,0,0,0
"545",0,0,0,0
"546",1,0,0,0
"547",1,0,0,0
"548",0,0,0,0
"549",2,0,0,0
"550",0,0,0,0
"551",0,0,0,0
"552",0,2,0,0
"553",0,0,0,0
"554",0,1,0,1
"555",1,0,0,1
"556",0,0,1,2
"557",0,0,0,0
"558",1,0,0,0
"559",0,0,0,0
"560",0,0,0,0
"561",0,0,1,0
"562",0,0,0,0
"563",0,0,0,0
"564",1,0,0,0
"565",0,4,0,0
"566",0,0,0,2
"567",0,0,0,0
"568",0,0,0,0
"569",0,0,0,0
"570",0,0,0,0
"571",2,0,0,1
"572",3,1,0,0
"573",3,1,0,0
"574",5,0,0,0
"575",2,5,0,0
"576",1,0,0,0
"577",2,0,0,1
"578",1,0,0,0
"579",2,0,0,0
"580",1,0,0,0
"581",2,0,0,0
"582",2,1,0,0
"583",4,0,0,0
"584",0,0,0,0
"585",2,1,0,0
"586",3,0,0,0
"587",1,0,0,0
"588",1,0,0,0
"589",0,0,0,0
"590",3,1,0,0
"591",1,0,0,0
"592",0,0,0,0
"593",2,0,0,0
"594",0,0,0,0
"595",0,0,0,0
"596",0,0,0,0
"597",1,0,0,0
"598",0,3,0,0
"599",0,0,0,1
"600",0,0,1,0
"601",1,0,0,0
"602",1,0,1,0
"603",0,0,0,0
"604",1,0,0,0
"605",0,0,0,0
"606",2,0,0,0
"607",1,0,0,0
"608",0,1,0,0
"609",2,0,0,0
"610",0,0,0,0
"611",1,0,0,0
"612",1,0,0,0
"613",1,0,0,0
"614",1,0,0,0
"615",1,0,0,0
"616",1,0,0,0
"617",1,0,0,0
"618",1,0,0,0
"619",1,0,0,0
"620",1,0,0,0
"621",1,0,0,0
"622",1,0,0,0
"623",1,0,0,0
"624",1,0,0,0
"625",1,0,0,0
"626",1,1,0,1
"627",2,0,0,0
"628",0,0,0,0
"629",14,0,0,0
"630",6,2,0,0
"631",1,0,0,0
"632",6,1,0,0
"633",2,1,0,0
"634",0,0,0,0
"635",2,0,0,0
"636",1,0,0,0
"637",0,0,0,0
"638",3,1,0,0
"639",7,0,0,0
"640",4,0,0,0
"641",5,0,0,0
"642",5,0,0,0
"643",14,1,0,0
"644",11,0,0,0
"645",2,0,0,0
"646",3,1,0,0
"647",2,0,0,0
"648",14,0,0,0
"649",3,0,0,0
"650",2,0,0,0
"651",3,0,0,0
"652",4,0,0,0
"653",6,0,0,0
"654",6,0,0,0
"655",1,0,0,0
"656",1,0,0,0
"657",3,1,0,0
"658",0,0,0,0
"659",1,1,0,0
"660",2,0,0,0
"661",0,0,0,0
"662",0,2,1,0
"663",0,0,0,0
"664",2,0,0,0
"665",1,1,0,0
"666",2,0,0,0
"667",4,0,0,0
"668",2,0,0,0
"669",3,0,0,0
"670",0,0,0,0
"671",1,0,0,0
"672",4,0,0,0
"673",3,0,0,0
"674",3,0,0,0
"675",0,0,0,0
"676",10,1,0,0
"677",1,0,0,0
"678",3,0,0,0
"679",9,1,0,0
"680",1,0,0,0
"681",4,0,0,0
"682",8,0,0,0
"683",3,0,0,0
"684",2,0,0,0
"685",0,0,0,0
"686",3,0,0,0
"687",7,1,0,0
"688",0,0,0,0
"689",0,0,0,0
"690",5,0,0,0
"691",9,2,0,0
"692",3,0,0,0
"693",6,1,0,0
"694",9,0,0,0
"695",7,1,0,0
"696",2,0,0,0
"697",4,0,0,0
"698",2,0,0,0
"699",13,0,0,0
"700",10,0,0,0
"701",7,1,0,0
"702",3,0,0,0
"703",7,0,0,0
"704",0,0,0,0
"705",2,0,0,0
"706",6,0,0,0
"707",3,0,0,0
"708",4,0,0,0
"709",5,0,0,0
"710",5,0,0,0
"711",2,0,1,1
"712",7,1,0,0
"713",5,2,1,0
"714",0,3,1,2
"715",1,0,0,0
"716",0,0,0,0
"717",0,0,0,0
"718",2,0,0,0
"719",2,1,0,0
"720",0,0,0,2
"721",0,0,0,0
"722",0,0,0,0
"723",1,0,0,0
"724",0,0,0,0
"725",2,0,0,0
"726",6,3,0,0
"727",1,1,4,3
"728",0,0,0,0
"729",0,4,1,0
"730",3,3,2,0
"731",0,0,0,2
"732",1,0,4,0
"733",0,1,1,0
"734",0,0,0,0
"735",0,1,2,0
"736",0,0,0,0
"737",0,0,0,1
"738",1,1,0,0
"739",0,0,0,3
"740",0,0,0,1
"741",0,0,0,0
"742",0,0,1,0
"743",0,0,4,0
"744",1,0,0,0
"745",2,3,0,0
"746",0,1,1,0
"747",0,0,0,0
"748",0,0,0,0
"749",3,0,0,2
"750",1,0,0,0
"751",2,0,0,0
"752",0,0,0,0
"753",0,0,0,0
"754",1,0,0,0
"755",1,0,0,0
"756",2,0,0,0
"757",3,0,0,0
"758",0,1,0,0
"759",3,1,0,0
"760",0,0,0,0
"761",1,0,0,0
"762",0,0,0,0
"763",0,0,0,0
"764",1,0,0,0
"765",1,0,0,0
"766",1,0,0,0
"767",0,0,0,0
"768",2,0,0,0
"769",0,0,0,0
"770",5,0,0,0
"771",0,1,2,1
"772",0,0,0,2
"773",0,0,0,0
"774",1,0,0,0
"775",0,2,1,0
"776",1,1,1,0
"777",3,0,0,0
"778",1,0,0,2
"779",2,0,0,0
"780",1,0,1,1
"781",0,0,2,0
"782",0,2,1,1
"783",0,0,1,1
"784",0,0,0,0
"785",0,0,0,0
"786",0,0,0,0
"787",0,0,0,0
"788",0,0,0,0
"789",0,0,0,0
"790",0,1,2,1
"791",0,0,0,0
"792",0,0,0,0
"793",0,0,0,0
"794",0,0,0,0
"795",0,0,0,0
"796",0,0,0,0
"797",0,0,0,0
"798",0,0,0,0
"799",0,0,0,0
"800",1,0,0,0
"801",5,0,0,0
"802",0,0,0,0
"803",0,0,0,0
"804",1,0,0,0
"805",1,0,0,0
"806",2,0,0,0
"807",0,0,0,0
"808",0,0,0,0
"809",0,0,0,0
"810",2,0,0,0
"811",1,0,0,0
"812",0,0,0,0
"813",1,1,0,0
"814",0,0,0,0
"815",0,0,0,0
"816",0,0,0,0
"817",0,0,0,0
"818",0,0,0,0
"819",0,0,0,0
"820",1,0,0,0
"821",4,0,0,0
"822",2,0,0,0
"823",1,0,0,0
"824",3,0,0,0
"825",2,0,0,0
"826",0,0,0,0
"827",1,0,0,0
"828",1,0,0,0
"829",0,0,0,0
"830",3,0,0,0
"831",0,0,0,0
"832",0,0,0,0
"833",0,0,0,0
"834",1,0,0,0
"835",1,0,0,0
"836",4,0,0,0
"837",3,0,0,0
"838",1,0,0,0
"839",0,0,0,0
"840",1,0,0,0
"841",2,2,0,0
"842",0,0,0,0
"843",0,0,0,0
"844",1,0,0,0
"845",0,0,0,0
"846",0,0,0,0
"847",0,0,0,0
"848",0,0,0,0
"849",1,0,0,0
"850",0,0,0,0
"851",1,4,0,1
"852",0,0,0,0
"853",1,0,0,0
"854",4,0,0,0
"855",1,0,0,0
"856",0,0,0,0
"857",1,0,0,0
"858",3,0,0,0
"859",0,0,3,0
"860",1,0,0,0
"861",0,0,0,0
"862",0,0,0,0
"863",4,0,0,0
"864",0,0,0,0
"865",5,0,0,0
"866",0,0,0,0
"867",2,3,0,2
"868",2,0,0,0
"869",6,1,0,0
"870",4,0,0,0
"871",4,0,0,0
"872",5,0,0,0
"873",0,0,0,0
"874",0,0,0,0
"875",3,0,0,0
"876",0,0,0,0
"877",5,0,0,0
"878",6,0,0,0
"879",1,0,0,0
"880",1,0,0,0
"881",4,0,0,0
"882",3,0,0,0
"883",1,0,0,0
"884",5,1,0,0
"885",0,0,0,0
"886",0,0,0,0
"887",0,0,0,0
"888",0,0,0,0
"889",0,0,0,0
"890",0,0,0,0
"891",1,0,0,0
"892",0,0,0,0
"893",1,0,0,0
"894",0,0,0,0
"895",0,0,0,0
"896",1,0,0,0
"897",0,0,0,0
"898",1,0,0,0
"899",0,0,0,0
"900",0,0,0,0
"901",0,0,0,0
"902",0,0,0,0
"903",0,0,0,0
"904",0,0,0,0
"905",0,0,0,0
"906",3,0,0,0
"907",1,0,0,0
"908",0,0,0,0
"909",0,0,0,0
"910",0,0,0,0
"911",0,0,0,0
"912",2,0,0,0
"913",0,0,0,0
"914",0,0,0,0
"915",0,0,0,0
"916",2,0,0,0
"917",2,0,0,0
"918",1,0,0,0
"919",0,0,0,0
"920",0,0,0,0
"921",0,0,0,0
"922",0,0,0,0
"923",3,0,0,0
"924",0,0,0,0
"925",1,0,0,0
"926",0,0,0,0
"927",2,0,0,0
"928",0,0,0,0
"929",3,0,0,0
"930",2,0,0,0
"931",2,0,0,0
"932",4,0,0,0
"933",1,0,0,0
"934",0,0,0,0
"935",0,0,0,0
"936",0,0,0,0
"937",0,0,0,0
"938",1,0,0,0
"939",0,0,0,0
"940",0,0,0,0
"941",0,0,0,0
"942",0,0,0,0
"943",0,0,0,0
"944",1,0,0,0
"945",5,0,0,0
"946",0,0,0,0
"947",0,0,0,0
"948",2,0,0,0
"949",0,0,0,0
"950",2,0,0,0
"951",3,0,0,0
"952",2,0,0,0
"953",0,0,0,0
"954",3,0,0,0
"955",0,0,0,0
"956",0,0,0,0
"957",1,0,0,0
"958",0,0,0,0
"959",3,0,0,0
"960",0,0,0,0
"961",1,0,0,0
"962",0,0,0,0
"963",0,0,0,0
"964",0,0,0,0
"965",0,0,0,0
"966",0,0,0,0
"967",2,0,0,0
"968",0,0,0,0
"969",0,0,0,0
"970",0,0,0,0
"971",0,0,0,0
"972",1,0,0,0
"973",0,0,0,0
"974",0,0,0,0
"975",1,2,0,0
"976",1,0,0,0
"977",0,0,0,0
"978",0,0,0,0
"979",0,0,0,0
"980",1,0,0,0
"981",0,0,0,0
"982",2,0,0,0
"983",0,0,1,0
"984",0,0,0,0
"985",0,0,0,0
"986",0,0,0,0
"987",1,0,0,0
"988",0,0,0,0
"989",0,0,0,0
"990",0,0,0,0
"991",0,0,0,0
"992",3,0,0,0
"993",0,0,0,1
"994",1,0,0,0
"995",0,0,0,0
"996",0,0,0,0
"997",0,1,0,0
"998",2,0,0,0
"999",0,0,0,0
"1000",0,1,0,1
"1001",0,0,0,0
"1002",0,0,0,0
"1003",0,0,0,0
"1004",0,0,0,0
"1005",0,0,0,0
"1006",1,1,1,0
"1007",0,0,0,0
"1008",1,0,0,0
"1009",4,3,0,5
"1010",0,1,0,0
"1011",0,0,0,1
"1012",0,0,0,2
"1013",0,0,0,0
"1014",2,0,3,0
"1015",1,2,0,0
"1016",1,0,0,0
"1017",0,0,0,0
"1018",0,0,0,0
"1019",0,0,0,0
"1020",2,0,0,0
"1021",1,1,0,0
"1022",0,0,0,0
"1023",0,0,0,0
"1024",0,0,0,0
"1025",0,0,0,0
"1026",0,0,0,0
"1027",0,0,0,0
"1028",0,0,0,0
"1029",0,0,0,0
"1030",0,0,0,0
"1031",0,0,0,0
"1032",0,0,0,0
"1033",0,0,0,0
"1034",0,0,0,0
"1035",0,0,0,0
"1036",0,1,2,0
"1037",0,0,0,0
"1038",0,0,0,0
"1039",1,0,0,0
"1040",0,0,0,0
"1041",0,0,1,2
"1042",0,0,0,0
"1043",1,5,0,0
"1044",0,0,0,1
"1045",0,0,0,0
"1046",0,0,0,0
"1047",0,0,0,0
"1048",2,0,0,0
"1049",4,0,1,1
"1050",2,0,0,0
"1051",1,1,0,0
"1052",2,0,0,0
"1053",0,0,1,0
"1054",0,0,0,0
"1055",0,0,0,0
"1056",0,1,0,0
"1057",0,0,0,0
"1058",3,0,0,0
"1059",0,1,0,0
"1060",0,0,0,0
"1061",0,0,0,0
"1062",0,0,0,0
"1063",0,0,0,0
"1064",0,0,0,0
"1065",1,0,0,0
"1066",0,0,0,0
"1067",0,0,0,0
"1068",0,0,0,0
"1069",1,0,0,0
"1070",4,1,0,0
"1071",0,0,0,0
"1072",0,0,0,0
"1073",0,0,0,0
"1074",1,0,0,0
"1075",0,0,0,0
"1076",0,0,0,0
"1077",0,0,1,0
"1078",1,0,0,0
"1079",0,1,0,0
"1080",0,0,0,1
"1081",0,4,0,0
"1082",2,0,0,0
"1083",0,2,0,0
"1084",1,0,0,0
"1085",0,0,1,0
"1086",0,0,0,1
"1087",2,0,0,0
"1088",0,0,0,0
"1089",0,0,0,0
"1090",0,0,0,0
"1091",1,0,1,0
"1092",0,0,0,0
"1093",2,0,0,0
"1094",0,0,0,0
"1095",0,0,0,0
"1096",0,0,0,0
"1097",0,0,0,0
"1098",0,0,0,0
"1099",0,0,0,0
"1100",0,0,0,0
"1101",0,0,0,0
"1102",0,0,0,0
"1103",0,0,0,0
"1104",0,0,0,0
"1105",6,1,0,0
"1106",0,0,0,0
"1107",0,0,0,0
"1108",3,0,0,0
"1109",0,0,0,0
"1110",0,0,0,0
"1111",1,0,0,0
"1112",0,0,0,0
"1113",3,0,0,0
"1114",0,0,0,0
"1115",0,0,1,0
"1116",0,0,2,0
"1117",0,0,0,0
"1118",0,0,0,2
"1119",1,0,0,0
"1120",0,0,0,0
"1121",1,0,0,0
"1122",0,0,1,0
"1123",0,1,0,3
"1124",0,0,0,0
"1125",0,0,0,0
"1126",0,1,0,0
"1127",0,0,0,0
"1128",0,0,0,0
"1129",1,0,0,0
"1130",0,0,0,0
"1131",0,0,0,0
"1132",0,0,0,0
"1133",0,0,0,0
"1134",0,0,0,0
"1135",0,0,0,0
"1136",0,0,0,0
"1137",0,0,0,0
"1138",0,0,0,0
"1139",0,0,0,0
"1140",0,0,0,0
"1141",0,0,0,0
"1142",0,0,0,0
"1143",0,0,0,0
"1144",1,0,0,0
"1145",0,0,0,0
"1146",0,0,0,0
"1147",0,0,0,0
"1148",0,0,1,0
"1149",1,0,0,2
"1150",0,0,3,0
"1151",0,0,0,0
"1152",5,2,0,0
"1153",0,2,0,0
"1154",0,0,0,0
"1155",7,0,1,0
"1156",7,0,0,0
"1157",0,0,0,0
"1158",0,1,0,0
"1159",0,0,0,0
"1160",0,0,0,0
"1161",0,0,1,0
"1162",3,0,0,0
"1163",1,0,0,1
"1164",0,0,0,3
"1165",3,1,0,2
"1166",0,0,0,0
"1167",0,0,0,0
"1168",0,0,0,0
"1169",0,0,0,0
"1170",2,0,0,0
"1171",0,0,0,0
"1172",0,0,0,0
"1173",2,0,0,0
"1174",0,0,0,0
"1175",0,0,0,0
"1176",0,0,0,0
"1177",0,0,0,0
"1178",0,0,0,0
"1179",0,0,0,0
"1180",0,0,0,0
"1181",0,0,0,0
"1182",2,0,0,0
"1183",0,0,0,0
"1184",0,0,0,0
"1185",0,0,0,0
"1186",0,0,0,0
"1187",0,0,0,0
"1188",0,0,0,0
"1189",0,0,0,0
"1190",1,0,0,0
"1191",0,0,0,1
"1192",3,0,0,0
"1193",2,0,0,0
"1194",0,0,0,3
"1195",1,0,1,3
"1196",0,0,0,1
"1197",1,0,0,0
"1198",2,0,1,2
"1199",1,0,0,1
"1200",0,0,1,0
"1201",1,2,2,2
"1202",0,0,0,0
"1203",0,0,0,0
"1204",5,1,0,0
"1205",0,0,0,0
"1206",0,0,0,0
"1207",0,0,0,0
"1208",0,0,0,0
"1209",0,0,0,0
"1210",0,0,0,0
"1211",0,0,0,0
"1212",0,0,0,0
"1213",0,0,0,0
"1214",0,0,0,0
"1215",0,0,0,0
"1216",1,0,0,0
"1217",0,0,0,0
"1218",1,1,0,0
"1219",0,0,0,0
"1220",0,0,0,0
"1221",0,0,0,0
"1222",1,0,0,0
"1223",0,0,0,0
"1224",0,0,0,0
"1225",0,0,0,0
"1226",0,0,0,0
"1227",0,0,0,0
"1228",0,0,1,0
"1229",2,0,0,0
"1230",0,0,0,0
"1231",0,1,0,0
"1232",1,2,1,1
"1233",1,0,0,1
"1234",2,1,0,0
"1235",0,0,0,0
"1236",0,1,0,0
"1237",0,0,0,0
"1238",0,0,0,0
"1239",0,0,0,0
"1240",0,0,0,0
"1241",0,0,0,0
"1242",1,0,0,0
"1243",0,1,0,0
"1244",0,1,0,0
"1245",0,0,0,0
"1246",0,0,0,0
"1247",1,0,0,3
"1248",1,0,0,0
"1249",1,0,0,0
"1250",2,0,0,0
"1251",7,0,0,0
"1252",5,0,0,0
"1253",0,0,0,0
"1254",2,0,0,0
"1255",0,0,0,0
"1256",2,0,0,0
"1257",2,0,1,2
"1258",2,0,0,0
"1259",2,0,0,0
"1260",0,0,0,0
"1261",3,0,0,0
"1262",11,0,0,0
"1263",0,0,0,0
"1264",1,0,0,0
"1265",5,0,0,0
"1266",5,0,0,0
"1267",8,0,0,0
"1268",0,0,0,0
"1269",0,0,0,0
"1270",0,0,0,1
"1271",2,1,0,0
"1272",0,0,0,0
"1273",0,0,0,0
"1274",4,0,0,0
"1275",3,2,0,0
"1276",0,0,0,0
"1277",0,0,2,0
"1278",0,0,0,0
"1279",2,0,0,0
"1280",0,0,0,0
"1281",0,1,0,0
"1282",0,0,0,0
"1283",0,0,0,0
"1284",0,0,0,0
"1285",0,1,0,0
"1286",1,2,1,1
"1287",0,0,0,0
"1288",2,0,0,0
"1289",9,0,0,0
"1290",1,0,0,0
"1291",6,0,2,0
"1292",4,0,0,0
"1293",6,0,0,0
"1294",4,1,0,0
"1295",6,0,0,0
"1296",10,0,0,0
"1297",5,3,0,0
"1298",3,0,0,0
"1299",4,0,0,0
"1300",7,0,0,0
"1301",9,0,0,0
"1302",1,0,0,0
"1303",15,0,0,0
"1304",13,0,0,0
"1305",2,1,0,0
"1306",7,3,0,0
"1307",9,1,0,0
"1308",1,0,0,0
"1309",1,0,0,0
"1310",0,0,0,0
"1311",0,0,0,0
"1312",0,0,0,0
"1313",1,0,0,0
"1314",1,0,0,0
"1315",0,0,0,0
"1316",3,0,0,0
"1317",7,0,0,0
"1318",2,1,0,0
"1319",0,0,0,0
"1320",0,0,0,0
"1321",0,0,0,0
"1322",1,0,0,0
"1323",1,0,0,0
"1324",1,0,0,0
"1325",1,0,0,0
"1326",0,0,0,0
"1327",0,0,0,0
"1328",6,0,0,0
"1329",3,0,0,0
"1330",4,3,1,3
"1331",0,0,0,0
"1332",4,0,0,0
"1333",6,0,0,0
"1334",5,0,0,0
"1335",5,1,0,0
"1336",4,0,0,0
"1337",7,1,0,0
"1338",3,0,0,0
"1339",4,0,0,0
"1340",6,0,0,0
"1341",5,0,0,0
"1342",9,1,0,0
"1343",9,0,0,0
"1344",7,2,1,0
"1345",3,0,0,0
"1346",6,0,0,0
"1347",5,0,0,0
"1348",0,1,0,0
"1349",4,0,0,0
"1350",2,0,0,0
"1351",2,0,0,0
"1352",3,0,0,0
"1353",1,0,0,0
"1354",2,0,0,0
"1355",7,0,0,0
"1356",4,1,0,0
"1357",5,0,0,0
"1358",2,0,0,0
"1359",2,0,0,0
"1360",2,0,0,0
"1361",0,0,0,0
"1362",5,0,0,0
"1363",1,0,0,0
"1364",2,0,0,0
"1365",0,0,0,0
"1366",2,0,0,0
"1367",3,0,0,0
"1368",5,0,0,0
"1369",7,0,0,0
"1370",4,0,0,0
"1371",9,0,0,0
"1372",9,0,0,0
"1373",5,0,0,0
"1374",1,0,0,0
"1375",10,0,0,0
"1376",5,0,0,0
"1377",7,0,0,0
"1378",5,0,0,0
"1379",9,0,0,0
"1380",9,0,0,0
"1381",10,0,0,0
"1382",9,0,0,0
"1383",9,0,0,0
"1384",5,0,0,0
"1385",2,0,0,0
"1386",2,0,0,0
"1387",4,0,0,0
"1388",1,0,0,0
"1389",1,0,0,0
"1390",5,1,0,0
"1391",0,0,0,0
"1392",0,0,0,0
"1393",0,0,0,0
"1394",1,0,0,0
"1395",0,0,0,0
"1396",0,0,0,0
"1397",1,0,0,0
"1398",1,0,0,0
"1399",3,0,0,0
"1400",2,0,0,0
"1401",1,0,1,0
"1402",1,0,0,0
"1403",2,0,0,0
"1404",1,0,0,0
"1405",1,0,0,0
"1406",3,0,0,0
"1407",6,0,0,0
"1408",2,0,0,0
"1409",3,0,0,0
"1410",3,0,0,0
"1411",5,0,0,0
"1412",4,0,0,0
"1413",3,0,0,0
"1414",3,0,0,0
"1415",5,0,0,0
"1416",4,0,0,0
"1417",8,0,0,0
"1418",4,0,0,0
"1419",7,0,0,0
"1420",0,0,0,0
"1421",4,0,0,0
"1422",4,0,0,0
"1423",11,0,0,0
"1424",5,0,0,0
"1425",9,0,0,0
"1426",7,0,0,0
"1427",0,0,0,0
"1428",2,0,0,0
"1429",0,0,0,0
"1430",3,0,0,0
"1431",1,0,0,0
"1432",7,0,0,0
"1433",3,0,0,0
"1434",0,0,0,0
"1435",2,0,0,0
"1436",0,0,0,0
"1437",1,0,0,0
"1438",2,0,0,0
"1439",0,0,0,0
"1440",2,0,0,0
"1441",3,0,0,0
"1442",2,0,0,0
"1443",2,0,0,0
"1444",7,0,0,0
"1445",3,0,0,0
"1446",0,0,0,0
"1447",3,0,0,0
"1448",3,0,0,0
"1449",6,0,0,0
"1450",10,2,0,0
"1451",7,0,0,0
"1452",10,1,0,0
"1453",5,0,0,0
"1454",5,0,0,0
"1455",2,0,0,0
"1456",2,0,0,0
"1457",13,0,0,0
"1458",12,0,0,0
"1459",7,6,0,0
"1460",5,0,0,0
"1461",20,0,0,0
"1462",7,4,0,0
"1463",4,0,0,0
"1464",2,0,0,0
"1465",10,0,0,0
"1466",4,0,0,0
"1467",11,0,0,0
"1468",9,0,0,0
"1469",11,0,0,0
"1470",3,0,0,0
"1471",4,0,0,0
"1472",4,1,0,0
"1473",12,0,0,0
"1474",1,0,0,0
"1475",11,0,0,0
"1476",6,0,0,0
"1477",7,0,0,0
"1478",4,0,0,0
"1479",11,1,0,1
"1480",16,0,0,1
"1481",14,5,0,0
"1482",5,0,0,11
"1483",5,1,0,0
"1484",4,0,0,0
"1485",5,1,0,0
"1486",7,0,0,0
"1487",0,0,0,0
"1488",4,0,0,0
"1489",0,0,0,0
"1490",5,0,0,0
"1491",0,0,0,0
"1492",6,0,0,0
"1493",2,0,0,0
"1494",11,0,0,0
"1495",11,0,0,0
"1496",8,0,0,0
"1497",0,0,0,0
"1498",2,0,0,0
"1499",1,0,0,0
"1500",7,0,0,0
"1501",13,0,0,0
"1502",9,0,0,0
"1503",0,0,0,0
"1504",11,0,0,0
"1505",2,0,0,0
"1506",3,1,0,0
"1507",2,0,0,0
"1508",5,0,0,0
"1509",6,0,0,0
"1510",2,0,0,0
"1511",1,0,0,0
"1512",2,0,0,0
"1513",11,1,1,0
"1514",5,0,0,0
"1515",3,0,0,0
"1516",2,0,0,0
"1517",4,0,0,0
"1518",5,0,0,0
"1519",2,0,0,0
"1520",5,0,0,0
"1521",6,0,0,0
"1522",3,0,0,0
"1523",3,0,0,0
"1524",3,0,0,0
"1525",7,0,0,0
"1526",2,0,0,0
"1527",6,0,0,0
