"","Q1","Q2","Q3","Q."
"1",2,0,0,2
"640",1,0,0,4
"751",0,0,0,6
"862",0,0,0,8
"973",0,0,0,10
"1084",0,0,0,12
"1195",1,0,0,14
"1306",2,0,0,16
"1417",1,0,0,18
"2",0,0,0,20
"113",0,0,0,22
"224",0,0,0,24
"335",0,0,0,26
"446",0,0,0,28
"557",0,1,0,30
"596",0,0,0,32
"607",0,0,0,34
"618",0,0,0,37
"629",0,0,0,38
"641",0,0,0,40
"652",0,0,0,42
"663",1,0,0,44
"674",0,0,0,46
"685",1,0,0,48
"696",0,0,0,50
"707",1,0,0,52
"718",0,0,0,54
"729",0,0,1,56
"740",2,0,0,58
"752",0,0,0,61
"763",0,0,0,62
"774",0,0,0,64
"785",0,0,0,66
"796",0,0,0,68
"807",0,0,0,70
"818",0,0,0,72
"829",1,0,0,74
"840",0,0,1,80
"851",0,0,0,78
"863",0,0,0,80
"874",0,0,0,82
"885",0,0,0,84
"896",0,0,0,86
"907",0,1,1,88
"918",0,0,0,90
"929",0,0,1,92
"940",0,0,1,97
"951",1,0,0,96
"962",0,1,0,98
"974",1,0,0,100
"985",0,2,0,102
"996",3,0,0,104
"1007",2,0,0,106
"1018",0,0,0,110
"1029",0,0,0,110
"1040",0,0,0,113
"1051",0,0,0,114
"1062",0,1,0,117
"1073",0,3,1,118
"1085",0,0,0,120
"1096",0,1,0,122
"1107",0,1,0,124
"1118",2,0,0,126
"1129",2,0,0,128
"1140",0,0,0,130
"1151",0,0,0,132
"1162",3,1,0,134
"1173",0,1,0,136
"1184",0,0,0,138
"1196",1,0,0,140
"1207",1,0,0,142
"1218",0,0,0,144
"1229",0,0,0,146
"1240",0,0,0,148
"1251",1,2,0,150
"1262",0,0,1,152
"1273",1,0,0,154
"1284",0,0,0,156
"1295",3,0,0,159
"1307",0,0,0,160
"1318",0,0,1,162
"1329",0,0,0,165
"1340",0,0,0,166
"1351",0,0,0,168
"1362",0,0,0,170
"1373",0,1,0,172
"1384",1,0,0,174
"1395",0,0,0,176
"1406",0,0,1,178
"1418",0,0,0,180
"1429",0,0,0,182
"1440",0,0,0,184
"1451",0,0,0,186
"1462",0,0,0,188
"1473",1,0,1,191
"1484",0,0,0,192
"1495",0,0,0,194
"1506",0,0,0,196
"1517",0,0,0,198
"3",0,1,0,200
"14",0,0,0,202
"25",0,0,0,204
"36",0,0,0,206
"47",0,0,2,209
"58",0,0,0,210
"69",0,0,0,212
"80",0,0,0,215
"91",0,1,0,216
"102",0,0,0,218
"114",0,0,1,221
"125",0,0,0,222
"136",0,0,0,224
"147",0,0,0,227
"158",0,2,0,228
"169",0,1,0,230
"180",0,0,1,232
"191",0,0,0,234
"202",0,0,0,236
"213",0,0,0,238
"225",1,0,0,240
"236",1,0,0,242
"247",1,3,0,244
"258",0,0,0,246
"269",3,0,0,248
"280",0,0,0,250
"291",0,0,0,252
"302",0,0,0,254
"313",0,0,0,256
"324",1,0,0,258
"336",1,0,0,260
"347",0,0,0,262
"358",0,0,0,264
"369",0,0,0,266
"380",0,0,0,268
"391",0,2,0,270
"402",0,0,0,272
"413",2,4,0,274
"424",0,0,0,276
"435",0,0,0,278
"447",0,0,0,280
"458",0,0,2,282
"469",0,0,1,284
"480",0,0,1,286
"491",0,0,2,288
"502",0,0,0,290
"513",1,0,0,292
"524",0,0,0,294
"535",0,0,1,298
"546",0,1,0,298
"558",0,1,0,300
"569",0,2,0,303
"580",0,0,0,304
"589",0,0,0,306
"590",0,0,0,309
"591",1,0,0,310
"592",1,0,0,312
"593",1,0,0,314
"594",1,0,0,316
"595",1,0,0,318
"597",1,0,0,320
"598",0,0,0,322
"599",1,0,0,324
"600",1,0,0,326
"601",0,0,0,328
"602",1,0,0,330
"603",0,0,0,332
"604",0,0,0,334
"605",1,0,0,336
"606",0,0,0,338
"608",0,0,0,340
"609",1,0,0,342
"610",0,0,0,344
"611",0,0,0,346
"612",1,0,0,348
"613",0,0,0,350
"614",2,0,0,352
"615",1,0,0,354
"616",3,0,0,356
"617",1,0,0,358
"619",1,0,0,360
"620",0,0,0,362
"621",1,0,0,364
"622",0,0,0,366
"623",0,0,1,368
"624",0,0,0,370
"625",1,2,0,372
"626",0,0,0,374
"627",0,0,0,376
"628",0,0,0,378
"630",0,0,1,380
"631",0,0,0,383
"632",0,0,0,384
"633",0,0,0,386
"634",2,0,0,388
"635",0,0,0,390
"636",0,0,0,392
"637",0,2,1,394
"638",0,0,0,396
"639",1,0,0,398
"642",1,0,0,400
"643",1,0,0,402
"644",2,0,0,404
"645",1,1,2,406
"646",1,0,0,408
"647",0,0,0,410
"648",1,0,0,412
"649",1,0,0,414
"650",2,0,0,416
"651",0,0,0,418
"653",5,0,0,420
"654",1,0,0,422
"655",0,0,0,424
"656",1,0,0,426
"657",6,0,0,428
"658",1,0,0,430
"659",1,0,0,432
"660",1,0,0,434
"661",0,0,0,436
"662",0,1,0,438
"664",3,0,0,440
"665",1,0,0,442
"666",1,0,0,444
"667",0,0,0,447
"668",5,0,0,448
"669",7,0,0,450
"670",1,0,0,452
"671",0,0,0,454
"672",0,0,0,456
"673",1,0,0,458
"675",0,0,0,460
"676",1,0,0,463
"677",0,0,0,464
"678",0,0,0,466
"679",0,0,0,468
"680",0,0,0,470
"681",4,1,0,472
"682",0,1,0,474
"683",1,1,2,477
"684",1,1,2,478
"686",2,1,2,481
"687",6,1,0,482
"688",5,0,0,484
"689",2,0,0,486
"690",6,0,0,488
"691",7,0,0,490
"692",9,0,0,492
"693",10,1,0,494
"694",3,0,0,496
"695",5,0,0,498
"697",0,0,0,500
"698",5,0,0,502
"699",4,0,0,504
"700",0,0,0,506
"701",0,0,0,508
"702",2,0,0,510
"703",4,0,0,512
"704",8,0,0,514
"705",6,1,0,516
"706",0,0,0,518
"708",5,0,0,520
"709",1,0,0,522
"710",0,1,0,524
"711",1,0,0,527
"712",1,0,0,529
"713",3,0,1,530
"714",2,0,0,532
"715",0,0,0,534
"716",0,0,0,536
"717",3,0,0,538
"719",3,1,0,540
"720",2,0,2,542
"721",1,0,0,544
"722",3,0,0,546
"723",2,0,0,548
"724",0,0,0,550
"725",0,0,0,552
"726",3,0,0,554
"727",1,0,0,556
"728",2,0,0,558
"730",1,0,0,560
"731",4,0,0,562
"732",2,0,0,564
"733",7,0,0,568
"734",1,0,0,568
"735",3,0,0,570
"736",8,3,0,572
"737",2,0,0,574
"738",6,0,0,576
"739",2,0,0,578
"741",2,1,0,580
"742",11,0,0,582
"743",2,0,0,584
"744",4,0,0,586
"745",3,0,0,588
"746",5,0,0,590
"747",3,0,0,592
"748",6,0,0,594
"749",4,0,0,596
"750",2,0,0,598
"753",3,1,0,600
"754",1,0,0,602
"755",0,0,0,604
"756",2,0,0,606
"757",1,0,0,608
"758",1,0,0,610
"759",1,1,1,612
"760",0,0,0,614
"761",1,0,0,617
"762",0,0,0,619
"764",1,1,0,620
"765",1,0,0,622
"766",9,0,1,625
"767",2,0,0,626
"768",5,0,0,628
"769",0,0,0,630
"770",3,1,0,632
"771",2,0,0,636
"772",1,0,0,636
"773",1,0,0,639
"775",2,0,0,640
"776",6,0,0,642
"777",4,1,0,644
"778",4,0,0,646
"779",4,1,0,648
"780",0,1,0,650
"781",3,1,0,652
"782",1,0,0,654
"783",0,0,0,656
"784",2,0,0,658
"786",5,0,0,660
"787",2,3,0,662
"788",5,0,0,664
"789",7,1,0,666
"790",4,1,0,668
"791",5,0,0,670
"792",1,0,0,672
"793",1,0,0,674
"794",1,0,0,676
"795",4,2,0,678
"797",1,0,0,680
"798",6,2,1,682
"799",5,0,0,684
"800",5,0,0,686
"801",2,0,0,688
"802",2,2,2,691
"803",0,0,0,695
"804",0,5,0,694
"805",0,0,0,696
"806",3,1,2,698
"808",1,4,7,700
"809",5,0,0,702
"810",1,2,0,704
"811",2,0,1,708
"812",3,10,0,708
"813",9,11,0,711
"814",5,5,0,712
"815",0,7,3,714
"816",0,2,0,716
"817",7,3,1,718
"819",2,10,5,720
"820",0,8,0,722
"821",3,2,0,724
"822",3,1,0,726
"823",1,0,4,728
"824",2,0,0,744
"825",8,1,0,732
"826",0,0,0,734
"827",1,1,0,736
"828",1,0,1,738
"830",0,0,0,740
"831",0,3,0,742
"832",0,0,0,744
"833",4,1,0,746
"834",2,2,0,748
"835",4,1,0,750
"836",2,1,0,752
"837",3,1,0,754
"838",8,0,0,756
"839",0,0,0,758
"841",3,0,0,760
"842",4,0,0,762
"843",2,0,0,764
"844",1,0,0,766
"845",1,1,0,768
"846",0,0,0,770
"847",1,0,0,772
"848",1,9,7,774
"849",2,9,7,776
"850",8,0,0,778
"852",3,0,0,780
"853",5,0,0,782
"854",7,0,0,784
"855",2,0,0,788
"856",1,0,0,788
"857",4,0,0,790
"858",2,0,0,792
"859",0,0,0,794
"860",13,1,0,796
"861",1,6,2,798
"864",4,3,10,802
"865",4,0,0,802
"866",4,0,0,804
"867",6,0,0,806
"868",5,0,0,808
"869",6,0,0,810
"870",3,0,0,812
"871",5,0,0,814
"872",1,0,0,816
"873",3,0,0,818
"875",10,0,0,820
"876",7,0,0,822
"877",1,0,0,824
"878",2,0,0,826
"879",9,1,0,828
"880",13,0,0,830
"881",0,0,0,832
"882",0,0,0,834
"883",0,0,0,836
"884",2,0,0,838
"886",6,0,0,840
"887",3,0,0,842
"888",5,0,0,844
"889",7,0,0,846
"890",1,0,0,848
"891",1,0,0,850
"892",1,0,0,852
"893",1,0,0,854
"894",2,0,0,856
"895",3,0,0,858
"897",5,0,0,860
"898",4,1,0,862
"899",5,2,0,864
"900",7,0,0,866
"901",11,0,0,868
"902",12,0,0,870
"903",6,2,0,872
"904",5,0,0,874
"905",5,0,0,876
"906",3,0,0,878
"908",5,0,0,880
"909",4,2,0,882
"910",2,1,0,884
"911",4,0,0,886
"912",2,0,0,888
"913",3,0,0,890
"914",4,0,0,892
"915",3,0,0,895
"916",3,8,0,896
"917",1,0,0,898
"919",0,0,0,900
"920",2,1,0,902
"921",9,0,0,904
"922",1,0,0,906
"923",1,1,0,908
"924",3,0,0,910
"925",7,0,0,912
"926",8,0,1,914
"927",5,0,0,916
"928",0,1,0,918
"930",4,1,0,920
"931",3,1,0,922
"932",1,0,0,924
"933",4,0,0,926
"934",0,0,0,928
"935",0,0,0,930
"936",1,0,0,932
"937",0,0,0,934
"938",0,0,0,936
"939",4,0,0,938
"941",0,0,0,940
"942",3,2,0,942
"943",1,3,0,944
"944",6,2,0,946
"945",2,0,0,948
"946",0,0,0,950
"947",0,0,0,952
"948",2,0,0,954
"949",0,1,0,956
"950",0,0,0,958
"952",0,0,0,960
"953",3,2,0,962
"954",0,1,2,964
"955",0,0,0,966
"956",0,0,0,968
"957",1,0,0,970
"958",0,0,0,972
"959",6,0,0,974
"960",2,2,0,976
"961",1,0,2,978
"963",1,0,0,981
"964",3,1,0,982
"965",1,0,0,984
"966",0,0,0,986
"967",0,0,0,988
"968",0,0,0,990
"969",0,0,0,992
"970",2,0,0,994
"971",0,0,0,996
"972",0,0,0,998
"975",2,0,0,1000
"976",0,2,2,1003
"977",0,0,0,1004
"978",0,0,0,1006
"979",0,0,0,1008
"980",0,0,0,1010
"981",0,0,0,1012
"982",0,0,3,1015
"983",0,0,0,1016
"984",0,0,0,1018
"986",0,0,0,1020
"987",0,0,0,1023
"988",2,0,0,1024
"989",0,0,0,1026
"990",0,0,0,1028
"991",0,0,0,1030
"992",0,0,0,1032
"993",0,1,1,1034
"994",1,0,0,1038
"995",0,0,0,1038
"997",2,0,0,1042
"998",0,0,0,1042
"999",0,2,0,1044
"1000",0,0,0,1046
"1001",0,2,1,1048
"1002",0,0,0,1050
"1003",0,0,0,1053
"1004",0,0,0,1054
"1005",0,1,2,1057
"1006",0,0,2,1058
"1008",0,0,0,1060
"1009",0,0,0,1062
"1010",0,1,0,1064
"1011",0,0,0,1066
"1012",0,0,0,1068
"1013",0,0,0,1070
"1014",0,0,0,1072
"1015",0,0,0,1074
"1016",1,0,0,1076
"1017",0,0,0,1078
"1019",0,0,0,1080
"1020",1,1,0,1082
"1021",0,4,0,1084
"1022",1,0,0,1086
"1023",1,1,0,1088
"1024",0,0,0,1090
"1025",0,0,0,1092
"1026",1,0,0,1094
"1027",0,0,0,1096
"1028",1,0,0,1098
"1030",0,0,0,1100
"1031",1,1,0,1102
"1032",0,0,0,1104
"1033",0,0,0,1106
"1034",0,0,2,1108
"1035",0,0,0,1110
"1036",0,0,0,1112
"1037",1,0,0,1114
"1038",0,0,1,1116
"1039",0,0,0,1118
"1041",0,0,0,1120
"1042",0,0,0,1123
"1043",3,0,0,1126
"1044",2,0,4,1127
"1045",0,3,1,1128
"1046",7,1,0,1130
"1047",3,4,0,1132
"1048",3,1,2,1134
"1049",3,1,1,1136
"1050",1,1,0,1138
"1052",1,3,2,1141
"1053",0,0,0,1142
"1054",0,0,0,1144
"1055",0,0,0,1146
"1056",0,0,1,1148
"1057",0,0,0,1151
"1058",1,0,0,1152
"1059",4,0,0,1154
"1060",0,0,0,1156
"1061",8,2,0,1158
"1063",2,1,0,1160
"1064",0,0,1,1163
"1065",0,0,3,1164
"1066",0,0,0,1166
"1067",0,0,5,1168
"1068",0,0,0,1172
"1069",1,1,0,1172
"1070",1,0,0,1174
"1071",3,0,0,1176
"1072",0,0,0,1178
"1074",0,0,0,1180
"1075",0,0,0,1182
"1076",0,1,0,1186
"1077",0,0,0,1186
"1078",0,1,0,1188
"1079",0,0,0,1190
"1080",0,0,1,1192
"1081",0,0,0,1194
"1082",0,1,1,1198
"1083",0,0,0,1198
"1086",0,0,1,1200
"1087",0,0,0,1203
"1088",0,0,0,1204
"1089",0,1,1,1209
"1090",0,0,0,1208
"1091",0,1,1,1210
"1092",0,0,0,1212
"1093",0,0,0,1215
"1094",0,0,1,1216
"1095",0,0,0,1218
"1097",0,0,0,1220
"1098",0,0,0,1222
"1099",0,0,0,1227
"1100",1,0,0,1226
"1101",0,0,0,1228
"1102",0,1,0,1230
"1103",0,0,0,1232
"1104",1,0,0,1234
"1105",0,0,0,1236
"1106",0,0,0,1238
"1108",0,0,0,1240
"1109",3,0,0,1242
"1110",4,0,0,1244
"1111",3,0,0,1246
"1112",6,0,0,1248
"1113",1,0,0,1250
"1114",2,0,0,1252
"1115",1,0,0,1254
"1116",0,2,0,1256
"1117",1,0,0,1258
"1119",2,1,1,1260
"1120",2,0,0,1262
"1121",0,0,0,1264
"1122",0,0,0,1266
"1123",0,0,0,1268
"1124",0,0,0,1270
"1125",0,0,0,1272
"1126",0,0,0,1274
"1127",0,0,0,1276
"1128",0,0,0,1278
"1130",0,0,0,1280
"1131",0,0,0,1282
"1132",0,0,0,1284
"1133",3,0,0,1286
"1134",0,0,0,1288
"1135",4,0,0,1290
"1136",1,0,0,1292
"1137",1,0,0,1294
"1138",0,0,0,1296
"1139",0,0,0,1298
"1141",0,0,0,1300
"1142",0,0,0,1302
"1143",0,0,0,1304
"1144",0,0,0,1306
"1145",0,0,0,1308
"1146",1,0,0,1310
"1147",0,0,0,1312
"1148",0,0,0,1314
"1149",0,0,0,1316
"1150",2,0,0,1318
"1152",2,0,0,1320
"1153",2,0,0,1322
"1154",0,0,0,1324
"1155",0,0,0,1329
"1156",0,0,0,1332
"1157",0,3,0,1330
"1158",1,0,0,1332
"1159",0,0,0,1334
"1160",0,0,0,1337
"1161",0,1,1,1339
"1163",0,1,0,1340
"1164",1,0,0,1342
"1165",0,0,1,1344
"1166",1,0,0,1346
"1167",0,0,2,1349
"1168",0,0,0,1350
"1169",0,0,0,1352
"1170",0,0,0,1354
"1171",1,0,0,1356
"1172",1,0,0,1358
"1174",3,1,0,1360
"1175",0,0,0,1362
"1176",0,0,0,1364
"1177",0,0,0,1366
"1178",0,1,0,1368
"1179",0,1,0,1370
"1180",0,0,0,1372
"1181",0,1,0,1375
"1182",1,0,1,1377
"1183",0,0,0,1378
"1185",0,0,0,1380
"1186",0,0,5,1382
"1187",1,0,0,1386
"1188",0,0,0,1386
"1189",0,1,0,1390
"1190",0,0,0,1390
"1191",0,0,0,1392
"1192",0,0,1,1394
"1193",0,0,0,1398
"1194",0,0,0,1398
"1197",1,1,1,1402
"1198",0,0,1,1403
"1199",0,0,0,1404
"1200",0,0,0,1406
"1201",0,0,0,1408
"1202",1,0,0,1410
"1203",0,0,0,1412
"1204",0,0,1,1414
"1205",0,0,0,1418
"1206",0,1,0,1419
"1208",0,0,0,1421
"1209",1,1,0,1423
"1210",0,0,0,1424
"1211",0,0,0,1426
"1212",0,2,0,1428
"1213",0,0,0,1430
"1214",0,0,0,1432
"1215",0,0,0,1436
"1216",0,0,1,1436
"1217",0,0,0,1438
"1219",1,0,0,1440
"1220",0,0,0,1442
"1221",1,5,0,1444
"1222",0,0,0,1446
"1223",2,0,0,1448
"1224",2,0,0,1450
"1225",0,0,0,1452
"1226",0,0,0,1454
"1227",0,0,0,1456
"1228",2,0,0,1458
"1230",2,0,0,1460
"1231",0,0,0,1462
"1232",0,0,0,1465
"1233",0,0,0,1466
"1234",0,0,0,1469
"1235",0,0,0,1470
"1236",0,0,1,1472
"1237",0,0,1,1474
"1238",0,0,1,1476
"1239",0,2,2,1478
"1241",1,0,0,1480
"1242",1,0,0,1482
"1243",0,0,0,1484
"1244",0,0,1,1486
"1245",2,1,1,1488
"1246",0,0,0,1490
"1247",0,0,0,1492
"1248",0,0,0,1494
"1249",0,0,2,1498
"1250",6,0,0,1498
"1252",0,0,0,1500
"1253",0,0,0,1502
"1254",1,0,0,1504
"1255",0,0,0,1506
"1256",0,0,0,1508
"1257",0,0,0,1510
"1258",0,0,0,1512
"1259",0,0,0,1514
"1260",0,0,0,1516
"1261",0,0,0,1518
"1263",0,0,0,1520
"1264",0,0,0,1524
"1265",0,0,0,1524
"1266",0,0,0,1526
"1267",0,1,1,1528
"1268",0,0,0,1532
"1269",0,0,0,1534
"1270",0,0,0,1534
"1271",0,0,0,1536
"1272",0,1,2,1538
"1274",0,0,0,1540
"1275",0,0,0,1542
"1276",0,0,0,1544
"1277",0,0,0,1547
"1278",0,0,0,1548
"1279",1,0,0,1550
"1280",0,0,1,1552
"1281",0,0,0,1554
"1282",1,0,0,1556
"1283",0,0,0,1558
"1285",0,1,0,1560
"1286",0,0,0,1562
"1287",0,0,0,1564
"1288",0,0,0,1566
"1289",0,0,0,1568
"1290",1,1,0,1570
"1291",0,0,0,1572
"1292",0,0,0,1575
"1293",0,0,0,1576
"1294",0,0,0,1578
"1296",0,2,0,1581
"1297",2,0,0,1582
"1298",3,0,0,1584
"1299",3,0,0,1586
"1300",1,0,0,1588
"1301",0,0,0,1590
"1302",2,0,0,1592
"1303",0,0,0,1594
"1304",2,0,0,1596
"1305",1,1,0,1598
"1308",3,0,0,1600
"1309",1,0,0,1602
"1310",0,1,0,1604
"1311",1,0,0,1606
"1312",1,0,0,1608
"1313",1,0,0,1610
"1314",0,0,0,1612
"1315",0,0,0,1614
"1316",1,0,0,1616
"1317",0,0,0,1618
"1319",0,0,0,1620
"1320",0,0,0,1622
"1321",1,0,0,1624
"1322",0,0,0,1626
"1323",1,0,0,1628
"1324",0,0,0,1630
"1325",0,0,0,1632
"1326",2,2,0,1634
"1327",2,0,0,1636
"1328",1,0,0,1638
"1330",0,0,0,1640
"1331",0,0,0,1642
"1332",0,0,0,1644
"1333",0,1,0,1646
"1334",0,2,0,1648
"1335",0,0,0,1650
"1336",0,0,0,1652
"1337",0,0,0,1654
"1338",0,1,0,1657
"1339",0,0,0,1658
"1341",1,0,0,1661
"1342",0,1,2,1662
"1343",0,0,1,1666
"1344",0,1,0,1666
"1345",0,0,0,1668
"1346",0,0,0,1670
"1347",1,0,0,1672
"1348",0,0,0,1674
"1349",0,0,0,1676
"1350",0,0,0,1678
"1352",0,0,0,1680
"1353",1,0,0,1682
"1354",0,0,1,1684
"1355",0,0,0,1686
"1356",0,0,0,1688
"1357",0,0,0,1690
"1358",0,0,0,1692
"1359",0,0,0,1694
"1360",1,0,0,1696
"1361",0,1,0,1699
"1363",0,4,0,1700
"1364",0,0,0,1702
"1365",0,0,0,1706
"1366",0,0,1,1706
"1367",0,0,0,1708
"1368",0,0,0,1711
"1369",0,0,0,1712
"1370",0,0,0,1714
"1371",0,0,0,1716
"1372",0,0,0,1718
"1374",0,0,0,1720
"1375",0,2,0,1722
"1376",2,0,0,1725
"1377",3,1,0,1726
"1378",3,1,0,1728
"1379",7,0,0,1730
"1380",3,1,0,1732
"1381",2,0,0,1734
"1382",5,0,0,1736
"1383",0,0,0,1738
"1385",2,5,0,1740
"1386",0,0,0,1742
"1387",1,0,0,1744
"1388",4,0,0,1746
"1389",2,0,0,1749
"1390",0,2,1,1753
"1391",1,0,0,1752
"1392",2,0,0,1754
"1393",2,0,0,1756
"1394",0,0,0,1758
"1396",1,0,0,1760
"1397",2,1,0,1762
"1398",2,0,0,1764
"1399",5,0,0,1766
"1400",2,1,0,1768
"1401",4,0,0,1770
"1402",4,0,0,1772
"1403",0,0,0,1774
"1404",0,0,0,1776
"1405",0,0,0,1778
"1407",2,1,0,1780
"1408",5,0,0,1782
"1409",3,0,0,1784
"1410",2,1,0,1786
"1411",1,0,0,1788
"1412",0,1,1,1790
"1413",1,0,0,1792
"1414",2,0,0,1794
"1415",0,0,0,1796
"1416",2,0,0,1798
"1419",3,1,0,1800
"1420",1,0,0,1802
"1421",1,0,0,1804
"1422",0,0,0,1806
"1423",0,0,0,1808
"1424",0,0,0,1810
"1425",2,0,0,1812
"1426",1,0,0,1814
"1427",0,0,0,1816
"1428",0,0,0,1818
"1430",0,0,0,1820
"1431",1,0,0,1822
"1432",0,0,0,1824
"1433",0,0,0,1826
"1434",1,0,0,1828
"1435",0,0,0,1830
"1436",0,3,0,1832
"1437",0,1,0,1835
"1438",0,0,0,1837
"1439",1,0,0,1838
"1441",0,0,1,1840
"1442",0,0,2,1846
"1443",1,0,0,1844
"1444",1,0,0,1846
"1445",1,0,1,1848
"1446",0,0,0,1850
"1447",0,0,0,1852
"1448",0,1,0,1854
"1449",1,0,0,1856
"1450",0,0,0,1859
"1452",0,0,0,1860
"1453",0,1,0,1862
"1454",2,0,0,1864
"1455",0,1,1,1866
"1456",1,0,0,1868
"1457",0,2,0,1870
"1458",0,1,0,1872
"1459",0,0,1,1874
"1460",2,0,0,1876
"1461",2,0,0,1878
"1463",0,0,0,1880
"1464",1,0,0,1882
"1465",1,0,0,1884
"1466",1,0,0,1886
"1467",1,0,0,1888
"1468",1,0,0,1890
"1469",1,0,0,1892
"1470",1,0,0,1894
"1471",1,0,0,1896
"1472",1,0,0,1898
"1474",1,0,0,1900
"1475",1,0,0,1902
"1476",1,0,0,1904
"1477",1,0,0,1906
"1478",1,0,0,1908
"1479",1,0,0,1910
"1480",1,0,0,1912
"1481",1,0,0,1914
"1482",1,0,0,1916
"1483",1,0,0,1918
"1485",1,0,0,1920
"1486",1,0,0,1922
"1487",1,0,0,1924
"1488",1,0,0,1926
"1489",1,0,0,1928
"1490",1,0,0,1930
"1491",1,0,0,1932
"1492",1,0,0,1934
"1493",1,0,0,1936
"1494",1,0,0,1938
"1496",1,0,0,1940
"1497",1,1,0,1943
"1498",2,0,0,1944
"1499",2,0,0,1946
"1500",0,0,0,1948
"1501",0,0,0,1950
"1502",0,0,0,1952
"1503",14,0,0,1954
"1504",1,0,0,1956
"1505",6,2,0,1958
"1507",0,2,0,1960
"1508",1,0,0,1962
"1509",1,1,0,1964
"1510",6,1,0,1966
"1511",0,0,0,1968
"1512",2,1,0,1970
"1513",0,2,0,1972
"1514",0,0,0,1974
"1515",0,0,0,1976
"1516",2,0,0,1978
"1518",0,0,0,1980
"1519",1,0,0,1982
"1520",0,0,0,1984
"1521",0,0,0,1986
"1522",1,1,0,1988
"1523",3,1,0,1990
"1524",14,0,0,1992
"1525",7,0,0,1994
"1526",0,0,0,1996
"1527",4,0,0,1998
"4",2,0,0,2000
"5",2,0,0,2002
"6",5,0,0,2004
"7",7,0,0,2006
"8",5,0,0,2008
"9",5,0,0,2010
"10",14,1,0,2012
"11",8,0,0,2014
"12",11,0,0,2016
"13",4,0,0,2018
"15",2,0,0,2020
"16",2,0,0,2022
"17",3,1,0,2024
"18",1,0,0,2026
"19",2,0,0,2028
"20",7,0,0,2030
"21",14,0,0,2032
"22",9,0,0,2034
"23",3,0,0,2036
"24",17,1,0,2038
"26",2,0,0,2040
"27",6,1,0,2042
"28",3,0,0,2044
"29",2,0,0,2046
"30",4,0,0,2048
"31",6,0,0,2050
"32",6,0,0,2052
"33",4,2,0,2054
"34",6,0,0,2056
"35",3,0,0,2058
"37",1,0,0,2060
"38",0,0,0,2062
"39",1,0,0,2064
"40",5,0,0,2066
"41",3,1,0,2068
"42",3,0,0,2070
"43",0,0,0,2072
"44",5,0,0,2074
"45",1,1,0,2076
"46",0,0,0,2078
"48",2,0,0,2080
"49",6,0,0,2082
"50",0,0,0,2084
"51",1,0,0,2086
"52",0,2,1,2088
"53",1,0,0,2090
"54",0,0,0,2092
"55",4,0,0,2094
"56",2,0,0,2096
"57",3,0,0,2098
"59",1,1,0,2100
"60",1,0,0,2102
"61",2,0,0,2104
"62",7,0,0,2106
"63",4,0,0,2108
"64",3,0,0,2110
"65",2,0,0,2112
"66",5,0,0,2114
"67",3,0,0,2116
"68",2,0,0,2118
"70",0,0,0,2120
"71",1,0,0,2122
"72",1,0,0,2124
"73",13,0,0,2126
"74",4,0,0,2128
"75",2,1,0,2130
"76",3,0,0,2132
"77",2,0,0,2134
"78",3,0,0,2136
"79",0,0,0,2138
"81",0,0,0,2140
"82",0,0,0,2142
"83",10,1,0,2144
"84",3,0,0,2146
"85",1,0,0,2148
"86",0,0,0,2150
"87",3,0,0,2152
"88",17,0,0,2154
"89",9,1,0,2156
"90",3,0,0,2158
"92",1,0,0,2160
"93",6,0,0,2162
"94",4,0,0,2164
"95",1,0,0,2166
"96",8,0,0,2168
"97",3,0,0,2170
"98",3,0,0,2172
"99",6,0,0,2174
"100",2,0,0,2176
"101",5,0,0,2178
"103",0,0,0,2180
"104",5,0,0,2182
"105",3,0,0,2184
"106",2,0,0,2186
"107",7,1,0,2188
"108",4,2,0,2190
"109",0,0,0,2192
"110",3,0,0,2194
"111",0,0,0,2196
"112",3,0,0,2198
"115",5,0,0,2200
"116",8,0,0,2202
"117",9,2,0,2204
"118",27,1,0,2206
"119",3,0,0,2208
"120",2,0,0,2210
"121",6,1,0,2212
"122",0,0,0,2214
"123",9,0,0,2216
"124",12,1,0,2218
"126",7,1,0,2220
"127",2,0,0,2222
"128",2,0,0,2224
"129",2,0,0,2226
"130",4,0,0,2228
"131",6,0,0,2230
"132",2,0,0,2232
"133",3,0,0,2234
"134",13,0,0,2236
"135",0,1,0,2238
"137",10,0,0,2240
"138",3,0,0,2242
"139",7,1,0,2244
"140",3,0,0,2246
"141",3,0,0,2248
"142",4,0,0,2250
"143",7,0,0,2252
"144",3,0,0,2254
"145",0,0,0,2256
"146",2,0,0,2258
"148",2,0,0,2260
"149",1,0,0,2262
"150",6,0,0,2264
"151",0,0,0,2266
"152",3,0,0,2268
"153",3,0,0,2270
"154",4,0,0,2272
"155",6,0,0,2274
"156",5,0,0,2276
"157",0,0,0,2278
"159",5,0,0,2280
"160",2,0,1,2283
"161",7,1,0,2284
"162",5,2,1,2286
"163",0,3,1,2290
"164",1,0,0,2290
"165",0,0,0,2292
"166",0,0,0,2294
"167",2,0,0,2296
"168",2,1,0,2298
"170",0,0,0,2302
"171",0,0,0,2302
"172",0,0,0,2304
"173",1,0,0,2306
"174",0,0,0,2308
"175",2,0,0,2310
"176",6,3,0,2312
"177",1,1,4,2317
"178",0,0,0,2316
"179",0,4,1,2318
"181",3,3,2,2320
"182",0,0,0,2324
"183",1,0,4,2324
"184",0,1,1,2326
"185",0,0,0,2328
"186",0,1,2,2330
"187",0,0,0,2332
"188",0,0,0,2335
"189",1,1,0,2336
"190",0,0,0,2341
"192",0,0,0,2341
"193",0,0,0,2342
"194",0,0,1,2344
"195",0,0,4,2346
"196",1,0,0,2348
"197",2,3,0,2350
"198",0,1,1,2352
"199",0,0,0,2354
"200",0,0,0,2356
"201",3,0,0,2360
"203",1,0,0,2360
"204",2,0,0,2362
"205",0,0,0,2364
"206",0,0,0,2366
"207",1,0,0,2368
"208",1,0,0,2370
"209",2,0,0,2372
"210",3,0,0,2374
"211",0,1,0,2376
"212",3,1,0,2378
"214",0,0,0,2380
"215",1,0,0,2382
"216",0,0,0,2384
"217",0,0,0,2386
"218",1,0,0,2388
"219",1,0,0,2390
"220",1,0,0,2392
"221",0,0,0,2394
"222",2,0,0,2396
"223",0,0,0,2398
"226",5,0,0,2400
"227",0,1,2,2403
"228",0,0,0,2406
"229",0,0,0,2406
"230",1,0,0,2408
"231",0,2,1,2410
"232",1,1,1,2412
"233",3,0,0,2414
"234",1,0,0,2418
"235",2,0,0,2418
"237",1,0,1,2421
"238",0,0,2,2422
"239",0,2,1,2425
"240",0,0,1,2427
"241",0,0,0,2428
"242",0,0,0,2430
"243",0,0,0,2432
"244",0,0,0,2434
"245",0,0,0,2436
"246",0,0,0,2438
"248",0,1,2,2441
"249",0,0,0,2442
"250",0,0,0,2444
"251",0,0,0,2446
"252",0,0,0,2448
"253",0,0,0,2450
"254",1,0,0,2452
"255",0,0,0,2454
"256",1,0,0,2456
"257",0,0,0,2458
"259",1,0,0,2460
"260",0,0,0,2462
"261",0,0,0,2464
"262",0,0,0,2466
"263",0,0,0,2468
"264",0,0,0,2470
"265",0,0,0,2472
"266",0,0,0,2474
"267",3,0,0,2476
"268",1,0,0,2478
"270",0,0,0,2480
"271",5,0,0,2482
"272",0,0,0,2484
"273",0,0,0,2486
"274",3,0,0,2488
"275",0,0,0,2490
"276",0,0,0,2492
"277",1,0,0,2494
"278",2,0,0,2496
"279",1,0,0,2498
"281",1,0,0,2500
"282",2,0,0,2502
"283",6,0,0,2504
"284",0,0,0,2506
"285",0,0,0,2508
"286",0,0,0,2510
"287",3,0,0,2512
"288",0,0,0,2514
"289",1,0,0,2516
"290",2,0,0,2518
"292",1,0,0,2520
"293",0,0,0,2522
"294",1,0,0,2524
"295",1,0,0,2526
"296",0,0,0,2528
"297",0,0,0,2530
"298",1,1,0,2532
"299",0,0,0,2535
"300",0,0,0,2536
"301",1,0,0,2538
"303",0,0,0,2540
"304",1,0,0,2542
"305",0,0,0,2544
"306",0,0,0,2546
"307",0,0,0,2548
"308",4,0,0,2550
"309",0,0,0,2552
"310",0,0,0,2554
"311",2,0,0,2556
"312",0,0,0,2558
"314",0,0,0,2560
"315",1,0,0,2562
"316",0,0,0,2564
"317",4,0,0,2566
"318",0,0,0,2568
"319",2,0,0,2570
"320",1,0,0,2572
"321",1,0,0,2574
"322",0,0,0,2576
"323",3,0,0,2578
"325",1,0,0,2580
"326",2,0,0,2582
"327",2,1,0,2584
"328",0,0,0,2586
"329",0,0,0,2588
"330",1,0,0,2590
"331",4,1,0,2592
"332",1,0,0,2594
"333",0,0,0,2596
"334",0,0,0,2598
"337",0,0,0,2600
"338",3,0,0,2602
"339",0,0,0,2604
"340",0,0,0,2606
"341",0,0,0,2608
"342",0,0,0,2610
"343",0,0,0,2612
"344",0,0,0,2614
"345",2,0,0,2616
"346",1,0,0,2618
"348",1,0,0,2620
"349",1,0,0,2622
"350",1,0,0,2624
"351",4,0,0,2626
"352",0,0,0,2628
"353",3,0,0,2630
"354",0,0,0,2632
"355",1,0,0,2634
"356",1,0,0,2636
"357",0,0,0,2638
"359",1,0,0,2640
"360",1,0,0,2642
"361",0,0,0,2644
"362",2,2,0,2646
"363",1,0,0,2648
"364",0,0,0,2650
"365",0,0,0,2652
"366",0,0,0,2654
"367",0,0,0,2656
"368",1,0,0,2658
"370",1,0,0,2660
"371",0,0,0,2662
"372",9,0,0,2664
"373",0,0,0,2666
"374",0,0,0,2668
"375",0,0,0,2670
"376",0,0,0,2672
"377",0,0,0,2674
"378",6,0,0,2676
"379",1,0,0,2678
"381",1,0,0,2680
"382",0,0,0,2682
"383",0,0,0,2684
"384",0,0,0,2686
"385",1,4,0,2689
"386",1,0,0,2690
"387",0,0,0,2692
"388",0,0,0,2694
"389",1,0,0,2696
"390",1,0,0,2698
"392",4,0,0,2700
"393",1,0,0,2702
"394",2,0,0,2704
"395",0,0,0,2706
"396",0,0,0,2708
"397",1,0,0,2710
"398",2,0,0,2712
"399",3,0,0,2714
"400",2,0,0,2716
"401",0,0,3,2718
"403",4,0,0,2720
"404",1,0,0,2722
"405",0,0,0,2724
"406",0,0,0,2726
"407",1,0,0,2728
"408",0,0,0,2730
"409",1,0,0,2732
"410",4,0,0,2734
"411",0,0,0,2736
"412",0,0,0,2738
"414",1,0,0,2740
"415",5,0,0,2742
"416",3,0,0,2744
"417",0,0,0,2746
"418",0,0,0,2748
"419",2,3,1,2751
"420",6,0,0,2752
"421",2,0,0,2754
"422",4,0,0,2756
"423",6,1,0,2758
"425",8,0,0,2760
"426",4,0,0,2762
"427",3,0,4,2765
"428",4,0,0,2766
"429",0,0,0,2768
"430",5,0,0,2770
"431",0,0,0,2772
"432",0,0,0,2774
"433",5,1,0,2776
"434",0,0,0,2778
"436",7,4,0,2780
"437",3,0,0,2782
"438",1,0,0,2784
"439",0,0,0,2786
"440",0,0,0,2788
"441",5,0,0,2790
"442",13,2,0,2792
"443",6,0,0,2794
"444",5,3,0,2796
"445",1,0,0,2798
"448",0,0,0,2800
"449",1,0,0,2802
"450",4,0,0,2804
"451",4,0,0,2806
"452",0,0,0,2808
"453",3,0,0,2810
"454",0,0,0,2812
"455",1,0,0,2814
"456",0,0,0,2816
"457",5,1,0,2818
"459",0,0,0,2820
"460",0,0,0,2822
"461",1,0,0,2824
"462",0,0,0,2826
"463",1,0,0,2828
"464",0,0,0,2830
"465",0,0,0,2832
"466",0,0,0,2834
"467",0,0,0,2836
"468",0,0,0,2838
"470",0,0,0,2840
"471",0,0,0,2842
"472",0,0,0,2844
"473",1,0,0,2846
"474",0,0,0,2848
"475",0,0,0,2850
"476",0,0,0,2852
"477",1,0,0,2854
"478",0,0,0,2856
"479",0,0,0,2858
"481",0,0,0,2860
"482",0,0,0,2862
"483",0,0,0,2864
"484",1,0,0,2866
"485",0,0,0,2868
"486",0,0,0,2870
"487",1,0,0,2872
"488",1,0,0,2874
"489",0,0,0,2876
"490",0,0,0,2878
"492",0,0,0,2880
"493",0,0,0,2882
"494",1,0,0,2884
"495",0,0,0,2886
"496",2,3,0,2888
"497",0,0,0,2890
"498",0,0,0,2892
"499",0,0,0,2894
"500",0,0,0,2896
"501",0,0,0,2898
"503",0,0,0,2900
"504",0,0,0,2902
"505",2,0,0,2904
"506",3,0,0,2906
"507",3,0,0,2908
"508",1,0,0,2910
"509",2,0,0,2912
"510",0,0,0,2914
"511",0,0,0,2916
"512",0,0,0,2918
"514",0,0,0,2920
"515",0,0,0,2922
"516",1,0,0,2924
"517",0,0,0,2926
"518",0,0,0,2928
"519",2,0,0,2930
"520",0,0,0,2932
"521",0,0,0,2934
"522",0,0,0,2936
"523",0,0,0,2938
"525",0,0,0,2940
"526",0,0,0,2942
"527",0,0,0,2944
"528",2,0,0,2946
"529",0,0,0,2948
"530",2,0,0,2950
"531",0,0,0,2952
"532",1,0,0,2954
"533",0,0,0,2956
"534",0,0,0,2958
"536",0,0,0,2960
"537",0,0,0,2962
"538",0,0,0,2964
"539",0,0,0,2966
"540",0,0,0,2968
"541",0,0,0,2970
"542",0,0,0,2972
"543",3,0,0,2974
"544",0,0,0,2976
"545",0,0,0,2978
"547",0,0,0,2980
"548",1,0,0,2982
"549",0,0,0,2984
"550",0,0,0,2986
"551",2,0,0,2988
"552",2,0,0,2990
"553",0,0,0,2992
"554",0,0,0,2994
"555",0,0,0,2998
"556",3,0,0,2998
"559",0,0,0,3000
"560",0,0,0,3002
"561",2,0,0,3004
"562",2,0,0,3006
"563",2,0,0,3008
"564",0,0,0,3010
"565",4,0,0,3012
"566",0,0,0,3014
"567",1,0,0,3016
"568",1,0,0,3018
"570",0,0,0,3020
"571",0,0,0,3022
"572",4,0,0,3024
"573",0,0,0,3026
"574",0,0,0,3028
"575",0,0,0,3030
"576",1,0,0,3032
"577",1,0,0,3034
"578",0,0,0,3036
"579",0,0,0,3038
"581",0,0,0,3040
"582",0,0,0,3042
"583",0,0,0,3044
"584",0,0,0,3046
"585",0,0,3,3048
"586",0,0,0,3050
"587",0,0,0,3054
"588",0,0,0,3054
