<PAMDataset>
  <Metadata domain="Esri">
    <MDI key="PyramidResamplingType">NEAREST</MDI>
  </Metadata>
  <PAMRasterBand band="1">
    <Description>aus5_1e_mvg</Description>
    <ColorInterp>Palette</ColorInterp>
    <ColorTable>
      <Entry c1="0" c2="0" c3="0" c4="255" />
      <Entry c1="255" c2="0" c3="0" c4="255" />
      <Entry c1="3" c2="77" c3="0" c4="255" />
      <Entry c1="0" c2="130" c3="0" c4="255" />
      <Entry c1="76" c2="230" c3="0" c4="255" />
      <Entry c1="193" c2="214" c3="200" c4="255" />
      <Entry c1="146" c2="173" c3="47" c4="255" />
      <Entry c1="144" c2="186" c3="141" c4="255" />
      <Entry c1="0" c2="214" c3="168" c4="255" />
      <Entry c1="178" c2="235" c3="178" c4="255" />
      <Entry c1="115" c2="255" c3="222" c4="255" />
      <Entry c1="224" c2="255" c3="235" c4="255" />
      <Entry c1="200" c2="194" c3="255" c4="255" />
      <Entry c1="240" c2="228" c3="141" c4="255" />
      <Entry c1="189" c2="182" c3="106" c4="255" />
      <Entry c1="138" c2="114" c3="19" c4="255" />
      <Entry c1="250" c2="190" c3="190" c4="255" />
      <Entry c1="138" c2="114" c3="101" c4="255" />
      <Entry c1="255" c2="160" c3="122" c4="255" />
      <Entry c1="184" c2="171" c3="141" c4="255" />
      <Entry c1="255" c2="248" c3="219" c4="255" />
      <Entry c1="252" c2="228" c3="167" c4="255" />
      <Entry c1="252" c2="228" c3="220" c4="255" />
      <Entry c1="21" c2="163" c3="171" c4="255" />
      <Entry c1="0" c2="111" c3="255" c4="255" />
      <Entry c1="255" c2="255" c3="255" c4="255" />
      <Entry c1="79" c2="79" c3="79" c4="255" />
      <Entry c1="204" c2="204" c3="204" c4="255" />
      <Entry c1="150" c2="219" c3="242" c4="255" />
      <Entry c1="156" c2="156" c3="156" c4="255" />
      <Entry c1="255" c2="170" c3="0" c4="255" />
      <Entry c1="214" c2="157" c3="188" c4="255" />
      <Entry c1="224" c2="217" c3="136" c4="255" />
      <Entry c1="0" c2="0" c3="0" c4="255" />
      <Entry c1="0" c2="0" c3="0" c4="255" />
      <Entry c1="0" c2="0" c3="0" c4="255" />
      <Entry c1="0" c2="0" c3="0" c4="255" />
      <Entry c1="0" c2="0" c3="0" c4="255" />
      <Entry c1="0" c2="0" c3="0" c4="255" />
      <Entry c1="0" c2="0" c3="0" c4="255" />
      <Entry c1="0" c2="0" c3="0" c4="255" />
      <Entry c1="0" c2="0" c3="0" c4="255" />
      <Entry c1="0" c2="0" c3="0" c4="255" />
      <Entry c1="0" c2="0" c3="0" c4="255" />
      <Entry c1="0" c2="0" c3="0" c4="255" />
      <Entry c1="0" c2="0" c3="0" c4="255" />
      <Entry c1="0" c2="0" c3="0" c4="255" />
      <Entry c1="0" c2="0" c3="0" c4="255" />
      <Entry c1="0" c2="0" c3="0" c4="255" />
      <Entry c1="0" c2="0" c3="0" c4="255" />
      <Entry c1="0" c2="0" c3="0" c4="255" />
      <Entry c1="0" c2="0" c3="0" c4="255" />
      <Entry c1="0" c2="0" c3="0" c4="255" />
      <Entry c1="0" c2="0" c3="0" c4="255" />
      <Entry c1="0" c2="0" c3="0" c4="255" />
      <Entry c1="0" c2="0" c3="0" c4="255" />
      <Entry c1="0" c2="0" c3="0" c4="255" />
      <Entry c1="0" c2="0" c3="0" c4="255" />
      <Entry c1="0" c2="0" c3="0" c4="255" />
      <Entry c1="0" c2="0" c3="0" c4="255" />
      <Entry c1="0" c2="0" c3="0" c4="255" />
      <Entry c1="0" c2="0" c3="0" c4="255" />
      <Entry c1="0" c2="0" c3="0" c4="255" />
      <Entry c1="0" c2="0" c3="0" c4="255" />
      <Entry c1="0" c2="0" c3="0" c4="255" />
      <Entry c1="0" c2="0" c3="0" c4="255" />
      <Entry c1="0" c2="0" c3="0" c4="255" />
      <Entry c1="0" c2="0" c3="0" c4="255" />
      <Entry c1="0" c2="0" c3="0" c4="255" />
      <Entry c1="0" c2="0" c3="0" c4="255" />
      <Entry c1="0" c2="0" c3="0" c4="255" />
      <Entry c1="0" c2="0" c3="0" c4="255" />
      <Entry c1="0" c2="0" c3="0" c4="255" />
      <Entry c1="0" c2="0" c3="0" c4="255" />
      <Entry c1="0" c2="0" c3="0" c4="255" />
      <Entry c1="0" c2="0" c3="0" c4="255" />
      <Entry c1="0" c2="0" c3="0" c4="255" />
      <Entry c1="0" c2="0" c3="0" c4="255" />
      <Entry c1="0" c2="0" c3="0" c4="255" />
      <Entry c1="0" c2="0" c3="0" c4="255" />
      <Entry c1="0" c2="0" c3="0" c4="255" />
      <Entry c1="0" c2="0" c3="0" c4="255" />
      <Entry c1="0" c2="0" c3="0" c4="255" />
      <Entry c1="0" c2="0" c3="0" c4="255" />
      <Entry c1="0" c2="0" c3="0" c4="255" />
      <Entry c1="0" c2="0" c3="0" c4="255" />
      <Entry c1="0" c2="0" c3="0" c4="255" />
      <Entry c1="0" c2="0" c3="0" c4="255" />
      <Entry c1="0" c2="0" c3="0" c4="255" />
      <Entry c1="0" c2="0" c3="0" c4="255" />
      <Entry c1="0" c2="0" c3="0" c4="255" />
      <Entry c1="0" c2="0" c3="0" c4="255" />
      <Entry c1="0" c2="0" c3="0" c4="255" />
      <Entry c1="0" c2="0" c3="0" c4="255" />
      <Entry c1="0" c2="0" c3="0" c4="255" />
      <Entry c1="0" c2="0" c3="0" c4="255" />
      <Entry c1="0" c2="0" c3="0" c4="255" />
      <Entry c1="0" c2="0" c3="0" c4="255" />
      <Entry c1="0" c2="0" c3="0" c4="255" />
      <Entry c1="235" c2="235" c3="235" c4="255" />
    </ColorTable>
    <Metadata domain="IMAGE_STRUCTURE">
      <MDI key="PIXELTYPE">SIGNEDBYTE</MDI>
    </Metadata>
    <Metadata>
      <MDI key="RepresentationType">THEMATIC</MDI>
    </Metadata>
  </PAMRasterBand>
</PAMDataset>
