<?xml version="1.0" encoding="UTF-8"?>
<metadata xml:lang="en"><Esri><CreaDate>20180813</CreaDate><CreaTime>14410500</CreaTime><ArcGISFormat>1.0</ArcGISFormat><ArcGISstyle>ISO 19139 Metadata Implementation Specification</ArcGISstyle><SyncOnce>TRUE</SyncOnce><DataProperties><itemProps><itemLocation><linkage Sync="TRUE">file://\\PVAC01FILE03\erin_share$\Veg\NVIS_V5_1\NVIS_5_1_FINAL_PRODUCTS\NVIS_5_1_AUST_RASTER_FILES\GRID_NVIS5_1_AUST_EXT_MVG\Readme_instructions_Extant.txt</linkage><protocol Sync="TRUE">Local Area Network</protocol></itemLocation></itemProps><copyHistory><copy source="N:\Veg\NVIS_V5_0\NVIS_V5_0\NVIS_V5_0_INCLUDING_INTERNAL_DATA\NVIS_5_0_RASTER_AUST_FILES\GRID_NVIS5_0_AUST_EXT_MVG\Readme_instructions_Extant.txt" dest="\\PVAC01FILE03\erin_share$\Veg\NVIS_V5_1\NVIS_5_1_FINAL_PRODUCTS\NVIS_5_1_AUST_RASTER_FILES\GRID_NVIS5_1_AUST_EXT_MVG\Readme_instructions_Extant.txt" date="20180813" time="14410500"></copy></copyHistory></DataProperties></Esri></metadata>
