<metadata xml:lang="en"><Esri><CreaDate>20190709</CreaDate><CreaTime>13363000</CreaTime><ArcGISFormat>1.0</ArcGISFormat><ArcGISstyle>ISO 19139 Metadata Implementation Specification</ArcGISstyle><SyncOnce>FALSE</SyncOnce><DataProperties><lineage><Process Name="Create Feature Class" ToolSource="c:\program files (x86)\arcgis\desktop10.2\ArcToolbox\Toolboxes\Data Management Tools.tbx\CreateFeatureclass" Date="20190709" Time="133630" export="">CreateFeatureclass "Database Connections\HERITAGE_TEAM@ SPATD.sde" world_heritage_areas POLYGON 'N:\Heritage\data\Heritage_sdb\Heritage geodatabase.gdb\world_heritage_areas' SAME_AS_TEMPLATE SAME_AS_TEMPLATE "GEOGCS['GCS_GDA_1994',DATUM['D_GDA_1994',SPHEROID['GRS_1980',6378137.0,298.257222101]],PRIMEM['Greenwich',0.0],UNIT['Degree',0.0174532925199433]];-400 -400 1000000000;-100000 10000;-100000 10000;8.98315284119521E-09;0.001;0.001;IsHighPrecision" ST_GEOMETRY 0 0 0</Process><Process Name="Append" ToolSource="c:\program files (x86)\arcgis\desktop10.2\ArcToolbox\Toolboxes\Data Management Tools.tbx\Append" Date="20190709" Time="133633" export="">Append 'N:\Heritage\data\Heritage_sdb\Heritage geodatabase.gdb\world_heritage_areas' "Database Connections\HERITAGE_TEAM@ SPATD.sde\HERITAGE_TEAM.world_heritage_areas" TEST # #</Process><Process Name="Add Spatial Index" ToolSource="c:\program files (x86)\arcgis\desktop10.2\ArcToolbox\Toolboxes\Data Management Tools.tbx\AddSpatialIndex" Date="20190709" Time="133706" export="">AddSpatialIndex "Database Connections\HERITAGE_TEAM@ SPATD.sde\HERITAGE_TEAM.world_heritage_areas" 0 0 0</Process><Process ToolSource="c:\program files (x86)\arcgis\desktop10.2\ArcToolbox\Toolboxes\Data Management Tools.tbx\CalculateField" Date="20190710" Time="115549" Name="" export="">CalculateField HERITAGE_TEAM.world_heritage_areas NATURAL "(vii),(viii),(ix),(x)" VB #</Process><Process ToolSource="c:\program files (x86)\arcgis\desktop10.2\ArcToolbox\Toolboxes\Data Management Tools.tbx\CalculateField" Date="20190710" Time="115952" Name="" export="">CalculateField HERITAGE_TEAM.world_heritage_areas NATURAL "vii,viii,ix,x" VB #</Process><Process ToolSource="c:\program files (x86)\arcgis\desktop10.2\ArcToolbox\Toolboxes\Data Management Tools.tbx\CalculateField" Date="20190710" Time="120137" Name="" export="">CalculateField HERITAGE_TEAM.world_heritage_areas NATURAL "vii,ix,x" VB #</Process><Process ToolSource="c:\program files (x86)\arcgis\desktop10.2\ArcToolbox\Toolboxes\Data Management Tools.tbx\CalculateField" Date="20190710" Time="120345" Name="" export="">CalculateField HERITAGE_TEAM.world_heritage_areas NATURAL "viii" VB #</Process><Process ToolSource="c:\program files (x86)\arcgis\desktop10.2\ArcToolbox\Toolboxes\Data Management Tools.tbx\CalculateField" Date="20190710" Time="120514" Name="" export="">CalculateField HERITAGE_TEAM.world_heritage_areas NATURAL "vii,x" VB #</Process><Process ToolSource="c:\program files (x86)\arcgis\desktop10.2\ArcToolbox\Toolboxes\Data Management Tools.tbx\CalculateField" Date="20190710" Time="120955" Name="" export="">CalculateField HERITAGE_TEAM.world_heritage_areas CULTURAL "iii,iv,vi" VB #</Process><Process ToolSource="c:\program files (x86)\arcgis\desktop10.2\ArcToolbox\Toolboxes\Data Management Tools.tbx\CalculateField" Date="20190710" Time="121008" Name="" export="">CalculateField HERITAGE_TEAM.world_heritage_areas NATURAL "vii,viii,ix,x" VB #</Process><Process ToolSource="c:\program files (x86)\arcgis\desktop10.2\ArcToolbox\Toolboxes\Data Management Tools.tbx\CalculateField" Date="20190710" Time="121147" Name="" export="">CalculateField HERITAGE_TEAM.world_heritage_areas NATURAL "viii,ix,x" VB #</Process><Process ToolSource="c:\program files (x86)\arcgis\desktop10.2\ArcToolbox\Toolboxes\Data Management Tools.tbx\CalculateField" Date="20190710" Time="121321" Name="" export="">CalculateField HERITAGE_TEAM.world_heritage_areas NATURAL "vii,viii" VB #</Process><Process ToolSource="c:\program files (x86)\arcgis\desktop10.2\ArcToolbox\Toolboxes\Data Management Tools.tbx\CalculateField" Date="20190710" Time="121437" Name="" export="">CalculateField HERITAGE_TEAM.world_heritage_areas NATURAL "vii,viii,ix,x" VB #</Process><Process ToolSource="c:\program files (x86)\arcgis\desktop10.2\ArcToolbox\Toolboxes\Data Management Tools.tbx\CalculateField" Date="20190710" Time="121557" Name="" export="">CalculateField HERITAGE_TEAM.world_heritage_areas NATURAL "vii,viii,ix,x" VB #</Process><Process ToolSource="c:\program files (x86)\arcgis\desktop10.2\ArcToolbox\Toolboxes\Data Management Tools.tbx\CalculateField" Date="20190710" Time="121753" Name="" export="">CalculateField HERITAGE_TEAM.world_heritage_areas NATURAL "vii,viii,ix" VB #</Process><Process ToolSource="c:\program files (x86)\arcgis\desktop10.2\ArcToolbox\Toolboxes\Data Management Tools.tbx\CalculateField" Date="20190710" Time="121907" Name="" export="">CalculateField HERITAGE_TEAM.world_heritage_areas NATURAL "viii,ix" VB #</Process><Process ToolSource="c:\program files (x86)\arcgis\desktop10.2\ArcToolbox\Toolboxes\Data Management Tools.tbx\CalculateField" Date="20190710" Time="122605" Name="" export="">CalculateField HERITAGE_TEAM.world_heritage_areas NATURAL "viii,ix" VB #</Process><Process ToolSource="c:\program files (x86)\arcgis\desktop10.2\ArcToolbox\Toolboxes\Data Management Tools.tbx\CalculateField" Date="20190710" Time="122715" Name="" export="">CalculateField HERITAGE_TEAM.world_heritage_areas NATURAL "vii,viii" VB #</Process><Process ToolSource="c:\program files (x86)\arcgis\desktop10.2\ArcToolbox\Toolboxes\Data Management Tools.tbx\CalculateField" Date="20190710" Time="122856" Name="" export="">CalculateField HERITAGE_TEAM.world_heritage_areas NATURAL "ix,x" VB #</Process><Process ToolSource="c:\program files (x86)\arcgis\desktop10.2\ArcToolbox\Toolboxes\Data Management Tools.tbx\CalculateField" Date="20190710" Time="123104" Name="" export="">CalculateField HERITAGE_TEAM.world_heritage_areas NATURAL "vii,viii" VB #</Process><Process ToolSource="c:\program files (x86)\arcgis\desktop10.6\ArcToolbox\Toolboxes\Data Management Tools.tbx\ChangePrivileges" Date="20191030" Time="123431" Name="" export="">ChangePrivileges 'Database Connections\HERITAGE_SDE@SPATP.sde\HERITAGE_SDE.WORLD_HERITAGE_AREAS' SDE GRANT AS_IS</Process><Process ToolSource="c:\program files (x86)\arcgis\desktop10.6\ArcToolbox\Toolboxes\Data Management Tools.tbx\ChangePrivileges" Date="20191030" Time="123433" Name="" export="">ChangePrivileges 'Database Connections\HERITAGE_SDE@SPATP.sde\HERITAGE_SDE.WORLD_HERITAGE_AREAS' PMST_QUERY GRANT AS_IS</Process><Process ToolSource="c:\program files (x86)\arcgis\desktop10.6\ArcToolbox\Toolboxes\Data Management Tools.tbx\ChangePrivileges" Date="20191030" Time="123434" Name="" export="">ChangePrivileges 'Database Connections\HERITAGE_SDE@SPATP.sde\HERITAGE_SDE.WORLD_HERITAGE_AREAS' CVA_QUERY GRANT AS_IS</Process><Process ToolSource="c:\program files (x86)\arcgis\desktop10.6\ArcToolbox\Toolboxes\Conversion Tools.tbx\FeatureClassToFeatureClass" Date="20200512" Time="140214">FeatureClassToFeatureClass "Database Connections\HERITAGE_TEAM@ SPATD.sde\HERITAGE_TEAM.world_heritage_areas" N:\Heritage\data\Heritage_sdb world_heritage_public.shp # "PLACE_ID "PLACE_ID" true true false 4 Long 0 10 ,First,#,Database Connections\HERITAGE_TEAM@ SPATD.sde\HERITAGE_TEAM.world_heritage_areas,PLACE_ID,-1,-1;FILE_ "FILE_" true true false 13 Text 0 0 ,First,#,Database Connections\HERITAGE_TEAM@ SPATD.sde\HERITAGE_TEAM.world_heritage_areas,FILE_,-1,-1;NAME "NAME" true true false 80 Text 0 0 ,First,#,Database Connections\HERITAGE_TEAM@ SPATD.sde\HERITAGE_TEAM.world_heritage_areas,NAME,-1,-1;SOURCE "SOURCE" true true false 35 Text 0 0 ,First,#,Database Connections\HERITAGE_TEAM@ SPATD.sde\HERITAGE_TEAM.world_heritage_areas,SOURCE,-1,-1;STATUS "STATUS" true true false 50 Text 0 0 ,First,#,Database Connections\HERITAGE_TEAM@ SPATD.sde\HERITAGE_TEAM.world_heritage_areas,STATUS,-1,-1;IUCN_MGT "IUCN_MGT" true true false 25 Text 0 0 ,First,#,Database Connections\HERITAGE_TEAM@ SPATD.sde\HERITAGE_TEAM.world_heritage_areas,IUCN_MGT,-1,-1;BIOGEOPROV "BIOGEOPROV" true true false 50 Text 0 0 ,First,#,Database Connections\HERITAGE_TEAM@ SPATD.sde\HERITAGE_TEAM.world_heritage_areas,BIOGEOPROV,-1,-1;NATURAL "NATURAL" true true false 25 Text 0 0 ,First,#,Database Connections\HERITAGE_TEAM@ SPATD.sde\HERITAGE_TEAM.world_heritage_areas,NATURAL,-1,-1;CULTURAL "CULTURAL" true true false 25 Text 0 0 ,First,#,Database Connections\HERITAGE_TEAM@ SPATD.sde\HERITAGE_TEAM.world_heritage_areas,CULTURAL,-1,-1;STATE "STATE" true true false 3 Text 0 0 ,First,#,Database Connections\HERITAGE_TEAM@ SPATD.sde\HERITAGE_TEAM.world_heritage_areas,STATE,-1,-1;HECTARES "HECTARES" true true false 8 Double 8 38 ,First,#,Database Connections\HERITAGE_TEAM@ SPATD.sde\HERITAGE_TEAM.world_heritage_areas,HECTARES,-1,-1;ADDRESS "ADDRESS" true true false 80 Text 0 0 ,First,#,Database Connections\HERITAGE_TEAM@ SPATD.sde\HERITAGE_TEAM.world_heritage_areas,ADDRESS,-1,-1;INSCRIBED "INSCRIBED" true true false 50 Text 0 0 ,First,#,Database Connections\HERITAGE_TEAM@ SPATD.sde\HERITAGE_TEAM.world_heritage_areas,INSCRIBED,-1,-1;SPATIAL_ID "SPATIAL_ID" true true false 10 Text 0 0 ,First,#,Database Connections\HERITAGE_TEAM@ SPATD.sde\HERITAGE_TEAM.world_heritage_areas,SPATIAL_ID,-1,-1;SHAPE_AREA "SHAPE_AREA" false false true 0 Double 0 0 ,First,#,Database Connections\HERITAGE_TEAM@ SPATD.sde\HERITAGE_TEAM.world_heritage_areas,SHAPE.AREA,-1,-1;SHAPE_LEN "SHAPE_LEN" false false true 0 Double 0 0 ,First,#,Database Connections\HERITAGE_TEAM@ SPATD.sde\HERITAGE_TEAM.world_heritage_areas,SHAPE.LEN,-1,-1" #</Process></lineage><itemProps><imsContentType export="False">002</imsContentType><itemName Sync="TRUE">world_heritage_public</itemName><nativeExtBox><westBL Sync="TRUE">72.246193</westBL><eastBL Sync="TRUE">167.972839</eastBL><southBL Sync="TRUE">-55.322817</southBL><northBL Sync="TRUE">-10.681889</northBL><exTypeCode Sync="TRUE">1</exTypeCode></nativeExtBox><itemLocation><linkage Sync="TRUE">file://\\PVAC01FILE03\erin_share$\Heritage\data\Heritage_sdb\world_heritage_public.shp</linkage><protocol Sync="TRUE">Local Area Network</protocol></itemLocation><itemSize Sync="TRUE">8.818</itemSize></itemProps><coordRef><type Sync="TRUE">Geographic</type><geogcsn Sync="TRUE">GCS_GDA_1994</geogcsn><csUnits Sync="TRUE">Angular Unit: Degree (0.017453)</csUnits><peXml Sync="TRUE">&lt;GeographicCoordinateSystem xsi:type='typens:GeographicCoordinateSystem' xmlns:xsi='http://www.w3.org/2001/XMLSchema-instance' xmlns:xs='http://www.w3.org/2001/XMLSchema' xmlns:typens='http://www.esri.com/schemas/ArcGIS/10.6'&gt;&lt;WKT&gt;GEOGCS[&amp;quot;GCS_GDA_1994&amp;quot;,DATUM[&amp;quot;D_GDA_1994&amp;quot;,SPHEROID[&amp;quot;GRS_1980&amp;quot;,6378137.0,298.257222101]],PRIMEM[&amp;quot;Greenwich&amp;quot;,0.0],UNIT[&amp;quot;Degree&amp;quot;,0.0174532925199433],AUTHORITY[&amp;quot;EPSG&amp;quot;,4283]]&lt;/WKT&gt;&lt;XOrigin&gt;-400&lt;/XOrigin&gt;&lt;YOrigin&gt;-400&lt;/YOrigin&gt;&lt;XYScale&gt;11258999068426.238&lt;/XYScale&gt;&lt;ZOrigin&gt;-100000&lt;/ZOrigin&gt;&lt;ZScale&gt;10000&lt;/ZScale&gt;&lt;MOrigin&gt;-100000&lt;/MOrigin&gt;&lt;MScale&gt;10000&lt;/MScale&gt;&lt;XYTolerance&gt;8.9831528411952133e-09&lt;/XYTolerance&gt;&lt;ZTolerance&gt;0.001&lt;/ZTolerance&gt;&lt;MTolerance&gt;0.001&lt;/MTolerance&gt;&lt;HighPrecision&gt;true&lt;/HighPrecision&gt;&lt;LeftLongitude&gt;-180&lt;/LeftLongitude&gt;&lt;WKID&gt;4283&lt;/WKID&gt;&lt;LatestWKID&gt;4283&lt;/LatestWKID&gt;&lt;/GeographicCoordinateSystem&gt;</peXml></coordRef></DataProperties><scaleRange><minScale>500000</minScale><maxScale>5000</maxScale></scaleRange><SyncDate>20200512</SyncDate><SyncTime>14050100</SyncTime><ModDate>20200512</ModDate><ModTime>14050100</ModTime><ArcGISProfile>INSPIRE</ArcGISProfile></Esri><mdLang><languageCode value="eng"/><countryCode value="AUS" Sync="TRUE"/></mdLang><mdChar><CharSetCd value="004"/></mdChar><mdHrLv><ScopeCd value="005"/></mdHrLv><mdContact xmlns=""><rpOrgName>Australian Government Department of Agriculture, Water and the Environment</rpOrgName><rpPosName>Heritage Data Manager</rpPosName><rpCntInfo xmlns=""><cntPhone><voiceNum tddtty="">02 6274 1111</voiceNum><faxNum>02 6274 1666</faxNum></cntPhone><cntAddress addressType=""><delPoint>GPO Box 787</delPoint><city>Canberra</city><adminArea>ACT</adminArea><postCode>2601</postCode><country>AU</country><eMailAdd>heritage.metadata@environment.gov.au</eMailAdd></cntAddress><cntOnlineRes><linkage>http://www.environment.gov.au/</linkage></cntOnlineRes></rpCntInfo><role><RoleCd value="007"/></role></mdContact><mdDateSt Sync="TRUE">20200512</mdDateSt><distInfo xmlns=""><distFormat xmlns=""><formatVer>10.4.1</formatVer><formatName Sync="TRUE">Shapefile</formatName></distFormat><distFormat xmlns=""><formatVer>1.3.0</formatVer><formatName Sync="TRUE">Shapefile</formatName></distFormat><distTranOps xmlns=""><onLineSrc><linkage>http://www.environment.gov.au/mapping/services/ogc_services/World_Heritage_Areas_label/MapServer/WMSServer</linkage><protocol>OGC:WMS</protocol><orName>WMS (OGC)</orName><orDesc>WMS service</orDesc><orFunct><OnFunctCd value="002"/></orFunct></onLineSrc><unitsODist>Mb</unitsODist><transSize>5</transSize><onLineSrc><linkage>http://www.environment.gov.au/mapping/services/ogc_services/World_Heritage_Areas_label/MapServer/WFSServer</linkage><protocol>OGC:WFS</protocol><orName>WFS (OGC)</orName><orFunct><OnFunctCd value="002"/></orFunct><orDesc>WFS Service</orDesc></onLineSrc><onLineSrc><linkage>https://data.gov.au/datastore/dump/748ac255-9cec-4f27-8eed-757f63da38d9</linkage><protocol>WWW:DOWNLOAD-1.0-http--download</protocol><orName>CSV</orName><orDesc>CSV list of World Heritage Areas</orDesc><orFunct><OnFunctCd value="001"/></orFunct></onLineSrc><onLineSrc><linkage>http://www.environment.gov.au/fed/catalog/search/resource/details.page?uuid=%7B6C54FE6C-2773-47C6-8CBC-4722F29081EF%7D</linkage><protocol>WWW:LINK-1.0-http--link</protocol><orName>FED link</orName><orDesc>FED metadata statement and download</orDesc><orFunct><OnFunctCd value="001"/></orFunct></onLineSrc></distTranOps><distFormat xmlns=""><formatVer>1.1.0</formatVer><formatName Sync="TRUE">Shapefile</formatName></distFormat><distributor xmlns=""><distorCont><rpOrgName>Australian Government Department of the Environment and Energy</rpOrgName><rpCntInfo><cntPhone><voiceNum>02 6274 1111</voiceNum><faxNum>02 6274 1666</faxNum></cntPhone><cntAddress><delPoint>GPO Box 787</delPoint><city>Canberra</city><adminArea>ACT</adminArea><postCode>2601</postCode><country>Australia</country><eMailAdd>heritage.metadata@environment.gov.au</eMailAdd></cntAddress><cntOnlineRes><linkage>http://www.environment.gov.au/fed</linkage></cntOnlineRes></rpCntInfo><role><RoleCd value="005"/></role></distorCont><distorFormat><formatName>Shapefile</formatName><formatVer>1</formatVer></distorFormat><distorTran><onLineSrc><orDesc>003</orDesc></onLineSrc><onLineSrc><linkage>http://www.environment.gov.au</linkage><orDesc>002</orDesc></onLineSrc></distorTran></distributor></distInfo><dataIdInfo><idAbs>&lt;DIV STYLE="text-align:Left;"&gt;&lt;DIV&gt;&lt;DIV&gt;&lt;P&gt;&lt;SPAN&gt;There are currently twenty (20) Australian properties inscribed on the World Heritage List.&lt;/SPAN&gt;&lt;/P&gt;&lt;P&gt;&lt;SPAN&gt;A single Australian World Heritage Areas database has been created by combining data which was historically stored as a separate data for each property. World Heritage Area buffer zones are also included in this dataset where they exist for some properties and are distinguished from the Declared Property boundary in the data. &lt;/SPAN&gt;&lt;/P&gt;&lt;P&gt;&lt;SPAN&gt;Four properties (Kakadu National Park, Uluru-Kata Tjuta National Park, Willandra Lakes Region and the Tasmanian Wilderness) are inscribed for both natural and cultural criteria.&lt;/SPAN&gt;&lt;/P&gt;&lt;P&gt;&lt;SPAN&gt;The Great Barrier Reef, the Tasmanian Wilderness, the Wet Tropics of Queensland and Shark Bay meet all four World Heritage criteria for natural heritage see (http://whc.unesco.org/en/criteria or http://www.environment.gov.au/heritage/about/world/world-heritage-criteria).&lt;/SPAN&gt;&lt;/P&gt;&lt;P&gt;&lt;SPAN&gt;16 properties are listed under the World Heritage criteria for natural heritage: the Australian Fossil Mammal Sites (Naracoorte/Riversleigh), Lord Howe Island Group, Gondwana Rainforests of Australia, Fraser Island, Macquarie Island, Heard and McDonald Islands, the Greater Blue Mountains Area and Purnululu National Park, Shark Bay and the Ningaloo Coast.&lt;/SPAN&gt;&lt;/P&gt;&lt;P&gt;&lt;SPAN&gt;8 properties are inscribed for cultural values: Kakadu National Park, Tasmanian Wilderness, Uluru - Kata Tjuta National Park, Willandra Lakes Region, Australian Convict Sites, Royal Exhibition Building and Carlton Gardens, Sydney Opera House and the Budj Bim Cultural Landscape.&lt;/SPAN&gt;&lt;/P&gt;&lt;P&gt;&lt;SPAN&gt;4 properties are considered serial listing where the properties comprise more than one distinct geographical areas. There are 11 sites that constitute the Australian Convict Sites. The Australian Fossil Mammal Sites (Naracoorte/Riversleigh), Gondwana Rainforests of Australia comprise multiple parts and the Budj Bim Cultural Landscape.&lt;/SPAN&gt;&lt;/P&gt;&lt;/DIV&gt;&lt;/DIV&gt;&lt;/DIV&gt;</idAbs><resMaint xmlns=""><maintFreq><MaintFreqCd value="009"/></maintFreq></resMaint><dsFormat xmlns=""><formatVer>1</formatVer></dsFormat><searchKeys><keyword>BOUNDARIES</keyword><keyword>BOUNDARIES Administrative</keyword><keyword>HERITAGE World</keyword><keyword>HERITAGE</keyword></searchKeys><resConst><LegConsts xmlns=""><accessConsts><RestrictCd value="005"/></accessConsts><othConsts>This data has been licensed under the Creative Commons Attribution 3.0 Australia Licence. More information can be found at http://www.ausgoal.gov.au/creative-commons.</othConsts></LegConsts></resConst><spatRpType><SpatRepTypCd value="001"/></spatRpType><dataExr><geoEle><GeoBndBox><exTypeCode>1</exTypeCode></GeoBndBox></geoEle></dataExr><idCitation xmlns=""><resTitle>Australia, World Heritage Areas</resTitle><resAltTitle>N:\Heritage\data\Heritage_sdb\Heritage geodatabase.gdb\world_heritage_areas</resAltTitle><resRefDate><refDate>20000101</refDate><refDateType><DateTypCd value="001"/></refDateType></resRefDate><resRefDate><refDate>20130726</refDate><refDateType><DateTypCd value="003"/></refDateType></resRefDate><citId xmlns=""><MdIdent><identCode>ISOCW0501016224</identCode></MdIdent></citId><citRespParty xmlns=""><rpOrgName>Australian Government Department of Agriculture, Water and the Environment</rpOrgName><rpPosName>Heritage Data Manager</rpPosName><rpCntInfo xmlns=""><cntPhone><voiceNum tddtty="">02 6274 1111</voiceNum><faxNum>02 6274 1666</faxNum></cntPhone><cntAddress addressType=""><delPoint>GPO Box 787</delPoint><city>Canberra</city><adminArea>ACT</adminArea><postCode>2601</postCode><country>Australia</country><eMailAdd>heritage.metadata@environment.gov.au</eMailAdd></cntAddress><cntOnlineRes><linkage>http://www.environment.gov.au/</linkage></cntOnlineRes></rpCntInfo><role><RoleCd value="002"/></role></citRespParty><citRespParty xmlns=""><rpOrgName>Australian Government Department of Agriculture, Water and the Environment</rpOrgName><rpPosName>Metadata Publisher</rpPosName><rpCntInfo xmlns=""><cntPhone><voiceNum tddtty="">(02) 6274 1111</voiceNum><faxNum>(02) 6274 1333</faxNum></cntPhone><cntAddress addressType=""><delPoint>GPO Box 787</delPoint><city>CANBERRA</city><adminArea>ACT</adminArea><postCode>2601</postCode><country>Australia</country><eMailAdd>metadata@environment.gov.au</eMailAdd></cntAddress><cntOnlineRes><linkage>http://www.environment.gov.au/</linkage></cntOnlineRes></rpCntInfo><role><RoleCd value="010"/></role></citRespParty><date><createDate>2000-01-01T00:00:00</createDate><reviseDate>2020-03-18T00:00:00</reviseDate></date><otherCitDet>World Heritage Areas: Australia are copyright (c) Commonwealth of Australia, Australian Government Department of Agriculture, Water and the Environment 2020</otherCitDet><presForm xmlns=""><PresFormCd value="005" Sync="TRUE"/></presForm></idCitation><distributor><distorCont><rpPosName>Heritage Data Manager</rpPosName></distorCont></distributor><graphOver xmlns=""><bgFileName>http://intspat01.ris.environment.gov.au/metadata_int/images/6C54FE6C-2773-47C6-8CBC-4722F29081EF.jpg</bgFileName></graphOver><idPurp>National dataset of Australian properties on the World Heritage List.</idPurp><idStatus><ProgCd value="004"/></idStatus><idPoC xmlns=""><rpOrgName>Australian Government Department of Agriculture, Water and the Environment</rpOrgName><rpPosName>Heritage Data Manager</rpPosName><rpCntInfo xmlns=""><cntPhone><voiceNum tddtty="">02 6274 1111</voiceNum><faxNum>02 6274 1666</faxNum></cntPhone><cntAddress addressType=""><delPoint>GPO Box 787</delPoint><city>Canberra</city><adminArea>ACT</adminArea><postCode>2601</postCode><country>AU</country><eMailAdd>heritage.metadata@environment.gov.au</eMailAdd></cntAddress><cntOnlineRes><linkage>http://www.environment.gov.au/</linkage></cntOnlineRes></rpCntInfo><role><RoleCd value="007"/></role></idPoC><themeKeys xmlns=""><thesaName xmlns=""><resTitle>ANZLIC Search Words</resTitle><date><reviseDate>20080515</reviseDate></date><resEd>Version 2.1</resEd><resEdDate>20080515</resEdDate></thesaName><keyword>BOUNDARIES</keyword><keyword>BOUNDARIES Administrative</keyword><keyword>HERITAGE World</keyword><keyword>HERITAGE</keyword><keyword>HERITAGE Aboriginal</keyword><keyword>HERITAGE World_Biodiversity</keyword><keyword>HERITAGE World_Conservation</keyword><keyword>HERITAGE World_Management</keyword><keyword>HERITAGE World_Mapping</keyword><keyword>HERITAGE World_Reserve</keyword></themeKeys><dataScale xmlns=""><equScale><rfDenom>100000</rfDenom></equScale></dataScale><suppInfo>published externally</suppInfo><dataChar><CharSetCd value="004"/></dataChar><idCredit>World Heritage Areas: Australia are copyright (c) Commonwealth of Australia, Australian Government Department of Agriculture, Water and the Environment 2020.</idCredit><dataExt xmlns=""><geoEle><GeoBndBox><northBL>-10.681889</northBL><southBL>-55.322817</southBL><westBL>72.246193</westBL><eastBL>167.972839</eastBL><exTypeCode>1</exTypeCode></GeoBndBox></geoEle></dataExt><envirDesc Sync="TRUE">Microsoft Windows 7 Version 6.1 (Build 7601) Service Pack 1; Esri ArcGIS 10.6.0.8321</envirDesc><dataLang><languageCode value="eng" Sync="TRUE"/><countryCode value="AUS" Sync="TRUE"/></dataLang><dataExt xmlns=""><geoEle xmlns=""><GeoBndBox esriExtentType="search"><exTypeCode Sync="TRUE">1</exTypeCode><westBL Sync="TRUE">72.246193</westBL><eastBL Sync="TRUE">167.972839</eastBL><northBL Sync="TRUE">-10.681889</northBL><southBL Sync="TRUE">-55.322817</southBL></GeoBndBox></geoEle></dataExt><tpCat><TopicCatCd value="016"/></tpCat></dataIdInfo><dqInfo xmlns=""><dataLineage><statement>Data are derived by digital cadastre at the time of inscription, and potentially updated as required using data from Property Manager agencies to reflect improvements in boundary accuracy. 

Data made available under Creative Commons Attribution 3.0 Australia Licence January 2015.

World Heritage Area buffer zones are delineated in this dataset using the STATUS field = 'Buffer Zone'.</statement></dataLineage><report type="DQAbsExtPosAcc" dimension="" xmlns=""><measResult><ConResult><conSpec><resTitle>Absolute External Positional Accuracy Check</resTitle><date><reviseDate>20190327</reviseDate><refDateType><DateTypCd value="003"/></refDateType></date></conSpec><conExpl>Dependant upon source data. Complies generally with National Mapping Division, Geoscience Australia data standards for positional accuracy. Some property boundaries have been revised in consultation with State agencies, and other properties are on a schedule for revision and update.</conExpl><conPass>1</conPass></ConResult></measResult></report><report type="DQNonQuanAttAcc" dimension="" xmlns=""><measResult><ConResult><conSpec><resTitle>Non Quantitative Attribute Accuracy Check</resTitle><date><reviseDate>20190327</reviseDate><refDateType><DateTypCd value="003"/></refDateType></date></conSpec><conExpl>All available attributes have been checked and are correct.</conExpl><conPass>1</conPass></ConResult></measResult></report><report type="DQConcConsis" dimension="" xmlns=""><measResult><ConResult><conSpec><resTitle>Conceptual Consistency Check</resTitle><date><reviseDate>20190327</reviseDate><refDateType><DateTypCd value="003"/></refDateType></date></conSpec><conExpl>All data have consistent fields. They are GDA compliant and use the D_GDA_1994 Datum and Spheroid.</conExpl><conPass>1</conPass></ConResult></measResult></report><report type="DQCompOm" dimension="" xmlns=""><measResult><ConResult><conSpec><resTitle>Completeness Omission Check</resTitle><date><reviseDate>20190327</reviseDate><refDateType><DateTypCd value="003"/></refDateType></date></conSpec><conExpl>The data are the current best available representation of the nominated and inscribed World Heritage property boundary. Minor corrections will be ongoing as better spatial data are available from State agencies and/or imagery.</conExpl><conPass>1</conPass></ConResult></measResult></report><dqScope><scpLvl><ScopeCd value="005"/></scpLvl></dqScope></dqInfo><refSysInfo><RefSystem dimension=""><refSysID xmlns=""><identCode code="GCS_GDA_1994"/><idCodeSpace Sync="TRUE">EPSG</idCodeSpace><idVersion Sync="TRUE">8.3.4(3.0.1)</idVersion></refSysID></RefSystem></refSysInfo><dataSetURI>file://\\PVAC01FILE03\erin_share$\Heritage\data\Heritage_sdb\Heritage geodatabase.gdb\world_heritage_areas</dataSetURI><eainfo><detailed Name="world_heritage_public" xmlns=""><enttyp><enttypl Sync="TRUE">world_heritage_public</enttypl><enttypt Sync="TRUE">Feature Class</enttypt><enttypc Sync="TRUE">48</enttypc></enttyp><attr><attrlabl Sync="TRUE">FID</attrlabl><attalias Sync="TRUE">FID</attalias><attrtype Sync="TRUE">OID</attrtype><attwidth Sync="TRUE">4</attwidth><atprecis Sync="TRUE">0</atprecis><attscale Sync="TRUE">0</attscale><attrdef Sync="TRUE">Internal feature number.</attrdef><attrdefs Sync="TRUE">Esri</attrdefs><attrdomv><udom Sync="TRUE">Sequential unique whole numbers that are automatically generated.</udom></attrdomv></attr><attr><attrlabl Sync="TRUE">PLACE_ID</attrlabl><attalias Sync="TRUE">PLACE_ID</attalias><attrtype Sync="TRUE">Integer</attrtype><attwidth Sync="TRUE">10</attwidth><atprecis Sync="TRUE">10</atprecis><attscale Sync="TRUE">0</attscale></attr><attr><attrlabl Sync="TRUE">FILE_</attrlabl><attalias Sync="TRUE">FILE_</attalias><attrtype Sync="TRUE">String</attrtype><attwidth Sync="TRUE">13</attwidth><atprecis Sync="TRUE">0</atprecis><attscale Sync="TRUE">0</attscale></attr><attr><attrlabl Sync="TRUE">NAME</attrlabl><attalias Sync="TRUE">NAME</attalias><attrtype Sync="TRUE">String</attrtype><attwidth Sync="TRUE">80</attwidth><atprecis Sync="TRUE">0</atprecis><attscale Sync="TRUE">0</attscale></attr><attr><attrlabl Sync="TRUE">SOURCE</attrlabl><attalias Sync="TRUE">SOURCE</attalias><attrtype Sync="TRUE">String</attrtype><attwidth Sync="TRUE">35</attwidth><atprecis Sync="TRUE">0</atprecis><attscale Sync="TRUE">0</attscale></attr><attr><attrlabl Sync="TRUE">STATUS</attrlabl><attalias Sync="TRUE">STATUS</attalias><attrtype Sync="TRUE">String</attrtype><attwidth Sync="TRUE">50</attwidth><atprecis Sync="TRUE">0</atprecis><attscale Sync="TRUE">0</attscale></attr><attr><attrlabl Sync="TRUE">IUCN_MGT</attrlabl><attalias Sync="TRUE">IUCN_MGT</attalias><attrtype Sync="TRUE">String</attrtype><attwidth Sync="TRUE">25</attwidth><atprecis Sync="TRUE">0</atprecis><attscale Sync="TRUE">0</attscale></attr><attr><attrlabl Sync="TRUE">BIOGEOPROV</attrlabl><attalias Sync="TRUE">BIOGEOPROV</attalias><attrtype Sync="TRUE">String</attrtype><attwidth Sync="TRUE">50</attwidth><atprecis Sync="TRUE">0</atprecis><attscale Sync="TRUE">0</attscale></attr><attr><attrlabl Sync="TRUE">INSCRIBED</attrlabl><attalias Sync="TRUE">INSCRIBED</attalias><attrtype Sync="TRUE">String</attrtype><attwidth Sync="TRUE">50</attwidth><atprecis Sync="TRUE">0</atprecis><attscale Sync="TRUE">0</attscale></attr><attr><attrlabl Sync="TRUE">NATURAL</attrlabl><attalias Sync="TRUE">NATURAL</attalias><attrtype Sync="TRUE">String</attrtype><attwidth Sync="TRUE">25</attwidth><atprecis Sync="TRUE">0</atprecis><attscale Sync="TRUE">0</attscale></attr><attr><attrlabl Sync="TRUE">CULTURAL</attrlabl><attalias Sync="TRUE">CULTURAL</attalias><attrtype Sync="TRUE">String</attrtype><attwidth Sync="TRUE">25</attwidth><atprecis Sync="TRUE">0</atprecis><attscale Sync="TRUE">0</attscale></attr><attr><attrlabl Sync="TRUE">STATE</attrlabl><attalias Sync="TRUE">STATE</attalias><attrtype Sync="TRUE">String</attrtype><attwidth Sync="TRUE">3</attwidth><atprecis Sync="TRUE">0</atprecis><attscale Sync="TRUE">0</attscale></attr><attr><attrlabl Sync="TRUE">ADDRESS</attrlabl><attalias Sync="TRUE">ADDRESS</attalias><attrtype Sync="TRUE">String</attrtype><attwidth Sync="TRUE">80</attwidth><atprecis Sync="TRUE">0</atprecis><attscale Sync="TRUE">0</attscale></attr><attr><attrlabl Sync="TRUE">HECTARES</attrlabl><attalias Sync="TRUE">HECTARES</attalias><attrtype Sync="TRUE">Double</attrtype><attwidth Sync="TRUE">19</attwidth><atprecis Sync="TRUE">0</atprecis><attscale Sync="TRUE">0</attscale></attr><attr><attrlabl Sync="TRUE">SPATIAL_ID</attrlabl><attalias Sync="TRUE">SPATIAL_ID</attalias><attrtype Sync="TRUE">String</attrtype><attwidth Sync="TRUE">10</attwidth><atprecis Sync="TRUE">0</atprecis><attscale Sync="TRUE">0</attscale></attr><attr><attrlabl Sync="TRUE">SHAPE</attrlabl><attalias Sync="TRUE">Shape</attalias><attrtype Sync="TRUE">Geometry</attrtype><attwidth Sync="TRUE">0</attwidth><atprecis Sync="TRUE">0</atprecis><attscale Sync="TRUE">0</attscale><attrdef Sync="TRUE">Feature geometry.</attrdef><attrdefs Sync="TRUE">ESRI</attrdefs><attrdomv><udom Sync="TRUE">Coordinates defining the features.</udom></attrdomv></attr><attr><attrlabl Sync="TRUE">SHAPE_AREA</attrlabl><attalias Sync="TRUE">SHAPE_AREA</attalias><attrtype Sync="TRUE">Double</attrtype><attwidth Sync="TRUE">19</attwidth><atprecis Sync="TRUE">0</atprecis><attscale Sync="TRUE">0</attscale><attrdef Sync="TRUE">Area of feature in internal units squared.</attrdef><attrdefs Sync="TRUE">Esri</attrdefs><attrdomv><udom Sync="TRUE">Positive real numbers that are automatically generated.</udom></attrdomv></attr><attr><attrlabl Sync="TRUE">SHAPE_LEN</attrlabl><attalias Sync="TRUE">SHAPE_LEN</attalias><attrtype Sync="TRUE">Double</attrtype><attwidth Sync="TRUE">19</attwidth><atprecis Sync="TRUE">0</atprecis><attscale Sync="TRUE">0</attscale></attr></detailed></eainfo><mdFileID>6C54FE6C-2773-47C6-8CBC-4722F29081EF</mdFileID><mdMaint xmlns=""><maintFreq><MaintFreqCd value="009"/></maintFreq></mdMaint><mdHrLvName Sync="TRUE">dataset</mdHrLvName><spatRepInfo><VectSpatRep><geometObjs Name="world_heritage_public"><geoObjTyp><GeoObjTypCd value="002" Sync="TRUE"></GeoObjTypCd></geoObjTyp><geoObjCnt Sync="TRUE">48</geoObjCnt></geometObjs><topLvl><TopoLevCd value="001" Sync="TRUE"></TopoLevCd></topLvl></VectSpatRep></spatRepInfo><spdoinfo><ptvctinf><esriterm Name="world_heritage_public"><efeatyp Sync="TRUE">Simple</efeatyp><efeageom code="4" Sync="TRUE"></efeageom><esritopo Sync="TRUE">FALSE</esritopo><efeacnt Sync="TRUE">48</efeacnt><spindex Sync="TRUE">TRUE</spindex><linrefer Sync="TRUE">FALSE</linrefer></esriterm></ptvctinf></spdoinfo><Department><whitespace date="2019-07-31 12:20">checked</whitespace></Department></metadata>
