<metadata xml:lang="en"><Esri><CreaDate>20200211</CreaDate><CreaTime>17492400</CreaTime><ArcGISFormat>1.0</ArcGISFormat><SyncOnce>FALSE</SyncOnce><DataProperties><itemProps><imsContentType Sync="FALSE" export="False">002</imsContentType><nativeExtBox><westBL Sync="TRUE">114.197500</westBL><eastBL Sync="TRUE">153.563105</eastBL><southBL Sync="TRUE">-43.454051</southBL><northBL Sync="TRUE">-10.580000</northBL><exTypeCode Sync="TRUE">1</exTypeCode></nativeExtBox><itemLocation><linkage Sync="TRUE">file://\\PCDOTE025876\C$\ZipData\National_Indicative_Aggregated_Fire_Extent_Dataset_v20200211.shp</linkage><protocol Sync="TRUE">Local Area Network</protocol></itemLocation><itemName Sync="TRUE">National_Indicative_Aggregated_Fire_Extent_Dataset_v20200211</itemName><itemSize Sync="TRUE">28.508</itemSize></itemProps><coordRef><type Sync="TRUE">Geographic</type><geogcsn Sync="TRUE">GCS_GDA_1994</geogcsn><csUnits Sync="TRUE">Angular Unit: Degree (0.017453)</csUnits><peXml Sync="TRUE">&lt;GeographicCoordinateSystem xsi:type='typens:GeographicCoordinateSystem' xmlns:xsi='http://www.w3.org/2001/XMLSchema-instance' xmlns:xs='http://www.w3.org/2001/XMLSchema' xmlns:typens='http://www.esri.com/schemas/ArcGIS/10.6'&gt;&lt;WKT&gt;GEOGCS[&amp;quot;GCS_GDA_1994&amp;quot;,DATUM[&amp;quot;D_GDA_1994&amp;quot;,SPHEROID[&amp;quot;GRS_1980&amp;quot;,6378137.0,298.257222101]],PRIMEM[&amp;quot;Greenwich&amp;quot;,0.0],UNIT[&amp;quot;Degree&amp;quot;,0.0174532925199433],AUTHORITY[&amp;quot;EPSG&amp;quot;,4283]]&lt;/WKT&gt;&lt;XOrigin&gt;-400&lt;/XOrigin&gt;&lt;YOrigin&gt;-400&lt;/YOrigin&gt;&lt;XYScale&gt;11258999068426.238&lt;/XYScale&gt;&lt;ZOrigin&gt;-100000&lt;/ZOrigin&gt;&lt;ZScale&gt;10000&lt;/ZScale&gt;&lt;MOrigin&gt;-100000&lt;/MOrigin&gt;&lt;MScale&gt;10000&lt;/MScale&gt;&lt;XYTolerance&gt;8.9831528411952133e-09&lt;/XYTolerance&gt;&lt;ZTolerance&gt;0.001&lt;/ZTolerance&gt;&lt;MTolerance&gt;0.001&lt;/MTolerance&gt;&lt;HighPrecision&gt;true&lt;/HighPrecision&gt;&lt;LeftLongitude&gt;-180&lt;/LeftLongitude&gt;&lt;WKID&gt;4283&lt;/WKID&gt;&lt;LatestWKID&gt;4283&lt;/LatestWKID&gt;&lt;/GeographicCoordinateSystem&gt;</peXml></coordRef></DataProperties><SyncDate>20200212</SyncDate><SyncTime>18245400</SyncTime><ModDate>20200212</ModDate><ModTime>19202200</ModTime><scaleRange><minScale>150000000</minScale><maxScale>5000</maxScale></scaleRange><ArcGISProfile>ISO19139</ArcGISProfile><ArcGISstyle>ISO 19139 Metadata Implementation Specification</ArcGISstyle><locales><locale language="en" country="AU"/></locales></Esri><dataIdInfo><envirDesc Sync="FALSE">Esri ArcGIS 10.6.0.8321</envirDesc><dataLang><languageCode value="eng" Sync="TRUE"/><countryCode value="AUS" Sync="TRUE"/></dataLang><idCitation><resTitle Sync="FALSE">National Indicative Aggregated Fire Extent Dataset v20200211</resTitle><presForm><fgdcGeoform>vector digital data</fgdcGeoform><PresFormCd value="005" Sync="TRUE"/></presForm><citRespParty><rpOrgName>Australian Government Department of Agriculture, Water and the Environment</rpOrgName><rpPosName>Data Manager</rpPosName><rpCntInfo><cntAddress addressType="postal"><delPoint>GPO Box 787</delPoint><city>Canberra</city><adminArea>ACT</adminArea><postCode>2601</postCode><eMailAdd>gis.help@environment.gov.au</eMailAdd><country>AU</country></cntAddress><cntPhone><voiceNum tddtty="">02 6274 1111</voiceNum><faxNum>02 6274 1666</faxNum></cntPhone><cntOnlineRes><linkage>https://www.environment.gov.au/</linkage><orFunct><OnFunctCd value="001"/></orFunct></cntOnlineRes></rpCntInfo><displayName>Data Manager</displayName><displayName>Australian Government Department of Agriculture, Water and the Environment</displayName><role><RoleCd value="002"/></role></citRespParty><date><createDate>2020-02-11T00:00:00</createDate></date></idCitation><spatRpType><SpatRepTypCd value="001" Sync="TRUE"/></spatRpType><idPurp>The National Indicative Aggregated Fire Extent Dataset has been developed rapidly to support the immediate needs of the Department of Agriculture, Water and the Environment (DAWE) in:
a) quantifying the potential impacts of the 2019/20 bushfires on wildlife, plants and ecological communities; and,
b) identifying appropriate response and recovery actions.
</idPurp><idAbs>&lt;DIV STYLE="text-align:Left;"&gt;&lt;DIV&gt;&lt;DIV&gt;&lt;P&gt;&lt;SPAN&gt;The National Indicative Aggregated Fire Extent Dataset has been developed rapidly to support the immediate needs of the Department of Agriculture, Water and the Environment (DAWE) in:&lt;/SPAN&gt;&lt;/P&gt;&lt;P&gt;&lt;SPAN&gt;a) quantifying the potential impacts of the 2019/20 bushfires on wildlife, plants and ecological communities&lt;/SPAN&gt;&lt;SPAN&gt;;&lt;/SPAN&gt;&lt;SPAN&gt;and&lt;/SPAN&gt;&lt;SPAN&gt;,&lt;/SPAN&gt;&lt;/P&gt;&lt;P&gt;&lt;SPAN&gt;b) identifying appropriate response and recovery actions.&lt;/SPAN&gt;&lt;/P&gt;&lt;P&gt;&lt;SPAN /&gt;&lt;/P&gt;&lt;P&gt;&lt;SPAN&gt;The intent was to derive a reliable, agreed, fit for purpose and repeatable national dataset of burnt areas across Australia for the 2019/20 bushfire season.&lt;/SPAN&gt;&lt;/P&gt;&lt;P&gt;&lt;SPAN&gt;The dataset takes the national Emergency Management Spatial Information Network Australia (EMSINA) data service, which is the official fire extent currently used by the Commonwealth, and adds supplementary data from other sources to form a cumulative national view of fire extent. This EMSINA data service shows the current active fire incidents, and the Department map shows the total fire extent from 1 July 2019 to the 11 Feb 2020.&lt;/SPAN&gt;&lt;/P&gt;&lt;P&gt;&lt;SPAN&gt;EMSINA have been instrumental in providing advice on access to data and where to make contact in the early stages of developing the National Indicative Aggregated Fire Extent Dataset.&lt;/SPAN&gt;&lt;/P&gt;&lt;P&gt;&lt;SPAN&gt;This dataset is released on behalf of the Commonwealth Government and endorsed by the National Burnt Area Dataset Working Group, convened by the National Bushfire Recovery Agency.&lt;/SPAN&gt;&lt;/P&gt;&lt;P&gt;&lt;SPAN /&gt;&lt;/P&gt;&lt;P&gt;&lt;SPAN&gt;Known Issues:&lt;/SPAN&gt;&lt;/P&gt;&lt;P&gt;&lt;SPAN&gt;The dataset has a number of known issues, both in its conceptual design and in the quality of its inputs. These are outlined below and should be taken into account in interpreting the data and developing any derived analyses.&lt;/SPAN&gt;&lt;/P&gt;&lt;P&gt;&lt;SPAN&gt;The list of known issues below is not comprehensive: it is anticipated that further issues will be identified in the future, and the Department welcomes feedback on this. We will seek as far as possible to continuously improve the dataset in future versions.&lt;/SPAN&gt;&lt;/P&gt;&lt;P&gt;&lt;SPAN&gt;In addition, the 2019/20 bushfire season is ongoing and it can be expected that the fire extent will increase. Future versions of the dataset will therefore document and distinguish between changes arising from methodological improvement, as distinct from changes to the actual fire extent.&lt;/SPAN&gt;&lt;/P&gt;&lt;P&gt;&lt;SPAN&gt;1. The dataset draws data together from multiple different sources, including from state and territory agencies responsible for emergency and natural resource management, and from the Northern Australian Fire Information website. The variety of mapping methods means that conceptually the dataset lacks national coherency.&lt;/SPAN&gt;&lt;/P&gt;&lt;P&gt;&lt;SPAN&gt;2. The limitations associated with the input datasets are carried through to this dataset. Users are advised to refer to the input datasets’ documentation to better understand limitations.&lt;/SPAN&gt;&lt;/P&gt;&lt;P&gt;&lt;SPAN&gt;3. The dataset is intentionally precautionary and the rulesets for its creation elect to accept the risk of overstating the size of particular burnt areas. If and when there are overlapping polygons for an area, the internal boundaries have been dissolved.&lt;/SPAN&gt;&lt;/P&gt;&lt;P&gt;&lt;SPAN&gt;4. The dataset shows only the outline of burnt areas and lacks information on fire severity in these areas, which may often include areas within them that are completely unburnt. For the intended purpose this may limit the usability of the data, particularly informing on local environmental impacts and response. This issue will be given priority, either for future versions of the dataset or for development of a separate, but related, fire severity product.&lt;/SPAN&gt;&lt;/P&gt;&lt;P&gt;&lt;SPAN&gt;5. This continental dataset includes large burnt areas, particularly in northern Australia, which can be considered part of the natural landscape dynamics. For the intended purpose of informing on fire of potential environmental impact, some interpretation and filtering may be required. There are a variety of ways to do this, including by limiting the analysis to southern Australia, as was done for recent Wildlife and Threatened Species Bushfire Recovery Expert Panel’s preliminary analysis of 13 January 2020. For that preliminary analysis area, boundaries from the Interim Biogeographic Regionalisation of Australia version 7 were used by the Department to delineate an area of southern Australia encompassing the emergency bushfire areas of the southern summer. The Department will work in consultation with the expert panel and other relevant bodies in the future on alternative approaches to defining, spatially or otherwise, fire of potential environmental impact.&lt;/SPAN&gt;&lt;/P&gt;&lt;P&gt;&lt;SPAN&gt;6. The dataset cannot be used to reliably recreate what the national burnt area extent was at a given date prior to the date of release. Reasons for this include that information on the date/time on individual fires may or may not have been provided in the input datasets, and then lost as part of the dissolve process discussed in issue 2 above.&lt;/SPAN&gt;&lt;/P&gt;&lt;P&gt;&lt;SPAN&gt;7. With fires still burning extents are not yet refined.&lt;/SPAN&gt;&lt;/P&gt;&lt;P&gt;&lt;SPAN&gt;8. Fire extents are downloaded daily and datasets are aggregated. This results in an overlap of polygon extents and raises the issue that refined extents are disregarded at this early stage.&lt;/SPAN&gt;&lt;/P&gt;&lt;P&gt;&lt;SPAN&gt;9. The NAFI dataset is only current to 22 January 2020&lt;/SPAN&gt;&lt;SPAN&gt;.&lt;/SPAN&gt;&lt;/P&gt;&lt;/DIV&gt;&lt;/DIV&gt;&lt;/DIV&gt;</idAbs><idCredit>NSW Rural Fire Service
Northern Australian Fire Information (NAFI)
QLD Fire and Emergency Service
SA Country Fire Service
SA Department for Environment and Water
Tasmanian Fire Service
TAS Department of Primary Industry, Parks, Water and Environment
VIC Department of Environment, Land, Water &amp; Planning
WA Department of Biodiversity, Conservation and Attractions</idCredit><dataChar><CharSetCd value="004"/></dataChar><idPoC><rpOrgName>Australian Government Department of Agriculture, Water and the Environment</rpOrgName><rpPosName>ERIN</rpPosName><rpCntInfo><cntAddress addressType="postal"><delPoint>GPO Box 787</delPoint><city>Canberra</city><adminArea>ACT</adminArea><postCode>2601</postCode><eMailAdd>gis.help@environment.gov.au</eMailAdd><country>AU</country></cntAddress><cntPhone><voiceNum tddtty="">02 6274 1111</voiceNum><faxNum>02 6274 1666</faxNum></cntPhone><cntOnlineRes><linkage>http://www.environment.gov.au</linkage></cntOnlineRes></rpCntInfo><displayName>Data Manager</displayName><displayName>Australian Government Department of Agriculture, Water and the Environment</displayName><role><RoleCd value="007"/></role><displayName>Australian Government Department of Agriculture, Water and the Environment</displayName></idPoC><resMaint><maintFreq><MaintFreqCd value="001"/></maintFreq><maintCont><rpOrgName>Australian Government Department of Agriculture, Water and the Environment</rpOrgName><rpPosName>Data Manager</rpPosName><rpCntInfo><cntAddress addressType="postal"><delPoint>GPO Box 787</delPoint><city>Canberra</city><adminArea>ACT</adminArea><postCode>2601</postCode><eMailAdd>gis.help@environment.gov.au</eMailAdd><country>AU</country></cntAddress><cntPhone><voiceNum tddtty="">02 6274 1111</voiceNum><faxNum>02 6274 1666</faxNum></cntPhone><cntOnlineRes><linkage>http://www.environment.gov.au</linkage></cntOnlineRes></rpCntInfo><displayName>Data Manager</displayName><displayName>Australian Government Department of Agriculture, Water the Environment</displayName><role><RoleCd value="007"/></role><displayName>Australian Government Department of Agriculture, Water and the Environment</displayName></maintCont></resMaint><resConst><LegConsts><accessConsts><RestrictCd value="005"/></accessConsts><othConsts>CC - Attribution (CC BY)</othConsts></LegConsts></resConst><idStatus><ProgCd value="004"/></idStatus><resConst><LegConsts><accessConsts><RestrictCd value="001"/></accessConsts><othConsts>This dataset is available under the CC-BY data licencing model and users are required to acknowledge the each of the data providers.
NSW Rural Fire Service, Northern Australian Fire Information (NAFI), QLD Fire and Emergency Service, SA Country Fire Service, SA Department for Environment and Water, Tasmanian Fire Service, TAS Department of Primary Industry, Parks, Water and Environment, VIC Department of Environment, Land, Water &amp; Planning, WA Department of Biodiversity, Conservation and Attractions.</othConsts></LegConsts></resConst><resConst><LegConsts><useConsts><RestrictCd value="005"/></useConsts><othConsts>The data is supplied to the Department for compilation by States and Territories of Australia and custodianship rests with the source agencies. A list of the agencies is available in the acknowledgements section of the metadata entry.</othConsts></LegConsts></resConst><dataExt><geoEle xmlns=""><GeoBndBox esriExtentType="search"><westBL>110.600000</westBL><eastBL>155.000000</eastBL><northBL>-7.800000</northBL><southBL>-44.800000</southBL><exTypeCode>1</exTypeCode></GeoBndBox></geoEle></dataExt><resConst><Consts><useLimit>&lt;DIV STYLE="text-align:Left;"&gt;&lt;DIV&gt;&lt;P&gt;&lt;SPAN&gt;The information presented in this map has been provided by a range of groups and agencies. While every effort has been made to ensure accuracy and completeness, no guarantee is given, nor responsibility taken by the Commonwealth for errors or omissions, and the Commonwealth does not accept responsibility in respect of any information or advice given in relation to, or as a consequence of, anything containing herein. &lt;/SPAN&gt;&lt;/P&gt;&lt;P&gt;&lt;SPAN /&gt;&lt;/P&gt;&lt;/DIV&gt;&lt;/DIV&gt;</useLimit></Consts></resConst><tpCat><TopicCatCd value="007"/></tpCat></dataIdInfo><mdLang><languageCode value="eng" Sync="TRUE"/><countryCode value="AUS" Sync="TRUE"/></mdLang><mdHrLv><ScopeCd value="005" Sync="TRUE"/></mdHrLv><refSysInfo><RefSystem dimension=""><refSysID><identCode code="4283" Sync="TRUE"/><idCodeSpace Sync="TRUE">EPSG</idCodeSpace><idVersion Sync="TRUE">8.3.4(3.0.1)</idVersion></refSysID></RefSystem></refSysInfo><spatRepInfo><VectSpatRep><geometObjs Name="National_Indicative_Aggregated_Fire_Extent_Dataset_v20200211"><geoObjTyp><GeoObjTypCd value="002" Sync="TRUE"/></geoObjTyp><geoObjCnt Sync="TRUE">1</geoObjCnt></geometObjs><topLvl><TopoLevCd value="001" Sync="TRUE"/></topLvl></VectSpatRep></spatRepInfo><spdoinfo><ptvctinf><esriterm Name="National_Indicative_Aggregated_Fire_Extent_Dataset_v20200211"><efeatyp Sync="TRUE">Simple</efeatyp><efeageom code="4" Sync="TRUE"/><esritopo Sync="TRUE">FALSE</esritopo><efeacnt Sync="TRUE">1</efeacnt><spindex Sync="TRUE">TRUE</spindex><linrefer Sync="TRUE">TRUE</linrefer></esriterm></ptvctinf></spdoinfo><mdDateSt Sync="FALSE">20200212</mdDateSt><mdContact><rpOrgName>Australian Government Department of Agriculture, Water and the Environment</rpOrgName><rpPosName>ERIN</rpPosName><rpCntInfo><cntAddress addressType="postal"><delPoint>GPO Box 787</delPoint><city>Canberra</city><adminArea>ACT</adminArea><postCode>2601</postCode><eMailAdd>gis.help@environment.gov.au</eMailAdd><country>AU</country></cntAddress><cntPhone><voiceNum tddtty="">02 6274 1111</voiceNum><faxNum>02 6274 1666</faxNum></cntPhone><cntOnlineRes><linkage>http://www.environment.gov.au</linkage></cntOnlineRes></rpCntInfo><displayName>Data Manager</displayName><displayName>Australian Government Department of Agriculture, Water and the Environment</displayName><role><RoleCd value="007"/></role></mdContact><mdMaint><maintFreq><MaintFreqCd value="001"/></maintFreq><maintCont><rpOrgName>Australian Government Department of Agriculture, Water and the Environment</rpOrgName><rpPosName>Data Manager</rpPosName><rpCntInfo><cntAddress addressType="postal"><delPoint>GPO Box 787</delPoint><city>Canberra</city><adminArea>ACT</adminArea><postCode>2601</postCode><eMailAdd>gis.help@environment.gov.au</eMailAdd><country>AU</country></cntAddress><cntPhone><voiceNum tddtty="">02 6274 1111</voiceNum><faxNum>02 6274 1666</faxNum></cntPhone><cntOnlineRes><linkage>http://www.environment.gov.au</linkage></cntOnlineRes></rpCntInfo><displayName>Data Manager</displayName><displayName>Australian Government Department of Agriculture, Water and the Environment</displayName><role><RoleCd value="007"/></role><displayName>Australian Government Department of Agriculture, Water and the Environment</displayName><displayName>Australian Government Department of Agriculture, Water and the Environment</displayName></maintCont></mdMaint><dqInfo><dqScope><scpLvl><ScopeCd value="005"/></scpLvl></dqScope><dataLineage><statement>The analysis was undertaken by the Australian Government Department of Agriculture, Water and the Environment on 11 February 2020 using preliminary national data for the 2019/20 bushfire season commencing 1 July 2019.</statement></dataLineage><report type="DQConcConsis" dimension=""><measResult><ConResult><conExpl>The dataset draws data together from multiple different sources, including from state and territory agencies responsible for emergency and natural resource management, and from the Northern Australian Fire Information website, and the variety of mapping methods and attribution approaches means, conceptually, that the dataset lacks national coherency.</conExpl></ConResult></measResult></report><report type="DQCompOm" dimension=""><measResult><ConResult><conExpl>The limitations associated with the input datasets will flow through to this dataset. Users are advised to refer to the input datasets’ documentation to better understand their limitations. The currency of the data provided varies from jurisdiction to jurisdiction.</conExpl></ConResult></measResult></report><report type="DQAbsExtPosAcc" dimension=""><measResult><ConResult><conExpl>Variable</conExpl><conPass>1</conPass></ConResult></measResult></report><report type="DQNonQuanAttAcc" dimension=""><measResult><ConResult><conExpl>Attribution has been removed from the provided data.</conExpl><conPass>1</conPass></ConResult></measResult></report></dqInfo><distInfo><distFormat><formatVer>1</formatVer><formatName Sync="TRUE">Shapefile</formatName></distFormat><distributor><distorCont><rpOrgName>Australian Government Department of Agriculture, Water and the Environment</rpOrgName><rpPosName>Data Manager</rpPosName><rpCntInfo><cntAddress addressType="postal"><delPoint>GPO Box 787</delPoint><city>Canberra</city><adminArea>ACT</adminArea><postCode>2601</postCode><eMailAdd>gis.help@environment.gov.au</eMailAdd><country>AU</country></cntAddress><cntPhone><voiceNum tddtty="">02 6274 1111</voiceNum><faxNum>02 6274 1666</faxNum></cntPhone><cntOnlineRes><linkage>http://www.environment.gov.au/</linkage></cntOnlineRes></rpCntInfo><displayName>Data Manager</displayName><displayName>Australian Government Department of Agriculture, Water and the Environment</displayName><role><RoleCd value="007"/></role><displayName>Australian Government Department of Agriculture, Water and the Environment</displayName></distorCont><distorTran><onLineSrc><linkage>http://www.environment.gov.au</linkage><orDesc>002</orDesc><orFunct><OnFunctCd value="001"/></orFunct></onLineSrc></distorTran></distributor><distTranOps><transSize Sync="TRUE">28.508</transSize></distTranOps></distInfo><eainfo><detailed Name="National_Indicative_Aggregated_Fire_Extent_Dataset_v20200211"><enttyp><enttypl Sync="TRUE">National_Indicative_Aggregated_Fire_Extent_Dataset_v20200211</enttypl><enttypt Sync="TRUE">Feature Class</enttypt><enttypc Sync="TRUE">1</enttypc></enttyp><attr><attrlabl Sync="TRUE">FID</attrlabl><attalias Sync="TRUE">FID</attalias><attrtype Sync="TRUE">OID</attrtype><attwidth Sync="TRUE">4</attwidth><atprecis Sync="TRUE">0</atprecis><attscale Sync="TRUE">0</attscale><attrdef Sync="TRUE">Internal feature number.</attrdef><attrdefs Sync="TRUE">Esri</attrdefs><attrdomv><udom Sync="TRUE">Sequential unique whole numbers that are automatically generated.</udom></attrdomv></attr><attr><attrlabl Sync="TRUE">Shape</attrlabl><attalias Sync="TRUE">Shape</attalias><attrtype Sync="TRUE">Geometry</attrtype><attwidth Sync="TRUE">0</attwidth><atprecis Sync="TRUE">0</atprecis><attscale Sync="TRUE">0</attscale><attrdef Sync="TRUE">Feature geometry.</attrdef><attrdefs Sync="TRUE">Esri</attrdefs><attrdomv><udom Sync="TRUE">Coordinates defining the features.</udom></attrdomv></attr><attr><attrlabl Sync="TRUE">Id</attrlabl><attalias Sync="TRUE">Id</attalias><attrtype Sync="TRUE">Integer</attrtype><attwidth Sync="TRUE">6</attwidth><atprecis Sync="TRUE">6</atprecis><attscale Sync="TRUE">0</attscale></attr></detailed></eainfo><mdChar><CharSetCd value="004"/></mdChar><mdFileID>9ACDCB09-0364-4FE8-9459-2A56C792C743</mdFileID><mdHrLvName Sync="TRUE">dataset</mdHrLvName></metadata>
